/*
SQLyog Ultimate v12.08 (64 bit)
MySQL - 5.7.17-log : Database - lycorisproject
*********************************************************************
*/

/*!40101 SET NAMES utf8 */;

/*!40101 SET SQL_MODE=''*/;

/*!40014 SET @OLD_UNIQUE_CHECKS=@@UNIQUE_CHECKS, UNIQUE_CHECKS=0 */;
/*!40014 SET @OLD_FOREIGN_KEY_CHECKS=@@FOREIGN_KEY_CHECKS, FOREIGN_KEY_CHECKS=0 */;
/*!40101 SET @OLD_SQL_MODE=@@SQL_MODE, SQL_MODE='NO_AUTO_VALUE_ON_ZERO' */;
/*!40111 SET @OLD_SQL_NOTES=@@SQL_NOTES, SQL_NOTES=0 */;
CREATE DATABASE /*!32312 IF NOT EXISTS*/`lycorisproject` /*!40100 DEFAULT CHARACTER SET utf8 */;

USE `lycorisproject`;

/*Table structure for table `area` */

DROP TABLE IF EXISTS `area`;

CREATE TABLE `area` (
  `id` int(11) NOT NULL AUTO_INCREMENT,
  `areainfo` varchar(45) DEFAULT NULL,
  PRIMARY KEY (`id`)
) ENGINE=InnoDB AUTO_INCREMENT=5 DEFAULT CHARSET=utf8;

/*Data for the table `area` */

insert  into `area`(`id`,`areainfo`) values (1,'深圳'),(2,'武汉'),(3,'上海'),(4,'北京');

/*Table structure for table `company` */

DROP TABLE IF EXISTS `company`;

CREATE TABLE `company` (
  `id` int(11) NOT NULL AUTO_INCREMENT,
  `companyname` varchar(45) NOT NULL,
  `companyemail` varchar(45) DEFAULT NULL,
  `companyinfo` text,
  `idarea` int(11) NOT NULL,
  `updatetime` varchar(30) DEFAULT NULL,
  PRIMARY KEY (`id`)
) ENGINE=InnoDB AUTO_INCREMENT=579 DEFAULT CHARSET=utf8;

/*Data for the table `company` */

insert  into `company`(`id`,`companyname`,`companyemail`,`companyinfo`,`idarea`,`updatetime`) values (1,'新创宏电子有限公司','null',NULL,1,'2018-03-30 23:11:49'),(2,'深圳市云帮互联网科技有限公司','null',NULL,1,'2018-03-30 23:11:49'),(3,'中软国际','null',NULL,1,'2018-03-30 23:11:49'),(4,'软通动力','null',NULL,1,'2018-03-30 23:11:49'),(5,'恩赐云信息科技有限公司','null',NULL,1,'2018-03-30 23:11:49'),(6,'瑞特信息技术有限公司深圳分公司','null',NULL,1,'2018-03-30 23:11:49'),(7,'广富宝公司','null',NULL,1,'2018-03-30 23:11:49'),(8,'北京思特奇信息技术股份有限公司-深圳分公司','null',NULL,1,'2018-03-30 23:11:49'),(9,'中传文化科技有限公司','null',NULL,1,'2018-03-30 23:11:49'),(10,'中城视通科技股份有限公司','null',NULL,1,'2018-03-30 23:11:49'),(11,'深圳市金政软件技术有限公司','null',NULL,1,'2018-03-30 23:11:49'),(12,'深圳市警视通实业有限公司','null',NULL,1,'2018-03-30 23:11:49'),(13,'深圳中城视通营销咨询有限公司','null',NULL,1,'2018-03-30 23:11:49'),(14,'慧极软件技术有限公司','null',NULL,1,'2018-03-30 23:11:49'),(15,'一叶知秋网络科技有限公司','null',NULL,1,'2018-03-30 23:11:49'),(16,'微品致远信息科技有限公司','null',NULL,1,'2018-03-30 23:11:49'),(17,'上海易宝（华为外包）','null',NULL,1,'2018-03-30 23:11:49'),(18,'聚诚网络科技有限公司','null',NULL,1,'2018-03-30 23:11:49'),(19,'卓想物联','null',NULL,1,'2018-03-30 23:11:49'),(20,'深圳市坐标软件开发有限公司','null',NULL,1,'2018-03-30 23:11:49'),(21,'深圳市览众科技股份有限公司','null',NULL,1,'2018-03-30 23:11:49'),(22,'金瑞龙互联网金融服务有限公司','null',NULL,1,'2018-03-30 23:11:49'),(23,'如恋信息科技有限公司','null',NULL,1,'2018-03-30 23:11:49'),(24,'和美信息科技有限公司','null',NULL,1,'2018-03-30 23:11:49'),(25,'深圳四方精创资讯股份有限公司 ','null',NULL,1,'2018-03-30 23:11:49'),(26,'深圳市蔚蓝寻策科技有限公司','null',NULL,1,'2018-03-30 23:11:49'),(27,'深圳市中瑞科电子有限公司','null',NULL,1,'2018-03-30 23:11:49'),(28,'深圳罗马盛世科技有限公司','null',NULL,1,'2018-03-30 23:11:49'),(29,'深圳市同城快跑科技有限公司 ','null',NULL,1,'2018-03-30 23:11:49'),(30,'众诚品业科技公司','null',NULL,1,'2018-03-30 23:11:49'),(31,'蓝凌软件科技有限公司','null',NULL,1,'2018-03-30 23:11:49'),(32,'深圳策维科技有限公司','null',NULL,1,'2018-03-30 23:11:49'),(33,'广州穿越医疗科技有限公司','null',NULL,1,'2018-03-30 23:11:49'),(34,'深圳市百果互动科技有限公司','null',NULL,1,'2018-03-30 23:11:49'),(35,'维恩贝特科技有限公司','null',NULL,1,'2018-03-30 23:11:49'),(36,'深圳市星品优汇电子商务有限公司','null',NULL,1,'2018-03-30 23:11:49'),(37,'华腾软件','null',NULL,1,'2018-03-30 23:11:49'),(38,'明天早上投简历','null',NULL,1,'2018-03-30 23:11:49'),(39,'同鑫科技有限公司','null',NULL,1,'2018-03-30 23:11:49'),(40,'东蒲科技有限公司','null',NULL,1,'2018-03-30 23:11:49'),(41,'深圳四方精创科技有限公司','null',NULL,1,'2018-03-30 23:11:49'),(42,'深圳永兴元创科技有限公司','null',NULL,1,'2018-03-30 23:11:49'),(43,'三维科技有限公司','null',NULL,1,'2018-03-30 23:11:49'),(44,'深圳无线便利互联网科技有限公司','null',NULL,1,'2018-03-30 23:11:49'),(45,'深圳市聚诚网络科技有限公司','null',NULL,1,'2018-03-30 23:11:49'),(46,'新四方精创科技有限公司','null',NULL,1,'2018-03-30 23:11:49'),(47,'深圳和美','null',NULL,1,'2018-03-30 23:11:49'),(48,'深圳如恋信息科技有限公司','null',NULL,1,'2018-03-30 23:11:49'),(49,'深圳华和商通科技有限公司','null',NULL,1,'2018-03-30 23:11:49'),(50,'北京沐融信息科技有限公司','null',NULL,1,'2018-03-30 23:11:49'),(51,'明动信息技术','null',NULL,1,'2018-03-30 23:11:49'),(52,'深圳市惟有信息技术有限公司','null',NULL,1,'2018-03-30 23:11:49'),(53,'彩奕奕软件有限公司','null',NULL,1,'2018-03-30 23:11:49'),(54,'云帮科技','null',NULL,1,'2018-03-30 23:11:49'),(55,'东莞银讯网络支付有限公司','null',NULL,1,'2018-03-30 23:11:49'),(56,'东莞市天使健康信息','null',NULL,1,'2018-03-30 23:11:49'),(57,'两步路信息技术有限公司','null',NULL,1,'2018-03-30 23:11:49'),(58,'跨越速运集团','null',NULL,1,'2018-03-30 23:11:49'),(59,'英迈思','null',NULL,1,'2018-03-30 23:11:49'),(60,'快易购科技有限公司','null',NULL,1,'2018-03-30 23:11:49'),(61,'中科软科技股份有限公司','null',NULL,1,'2018-03-30 23:11:49'),(62,'深圳佳盟建设工程有限公司','null',NULL,1,'2018-03-30 23:11:49'),(63,'亿腾信息技术有限公司','null',NULL,1,'2018-03-30 23:11:49'),(64,'浩瀚星河','null',NULL,1,'2018-03-30 23:11:49'),(65,'q房网','null',NULL,1,'2018-03-30 23:11:49'),(66,'深圳融行通互联网金融服务有限公司','null',NULL,1,'2018-03-30 23:11:49'),(67,'上海美嘉林软件科技股份有限公司','null',NULL,1,'2018-03-30 23:11:49'),(68,'深圳中民电商控股有限公司','null',NULL,1,'2018-03-30 23:11:49'),(69,'深圳市青铜器软件系统有限公司','null',NULL,1,'2018-03-30 23:11:49'),(70,'小猫信息','null',NULL,1,'2018-03-30 23:11:49'),(71,'成都天用唯勤','null',NULL,1,'2018-03-30 23:11:49'),(72,'深圳迈集网络科技有限公司','null',NULL,1,'2018-03-30 23:11:49'),(73,'兆航物流','null',NULL,1,'2018-03-30 23:11:49'),(74,'深圳市中兴长天信息技术有限公司','null',NULL,1,'2018-03-30 23:11:49'),(75,'法本信息科技股份有限公司','null',NULL,1,'2018-03-30 23:11:49'),(76,'梦网荣信科技集团股份有限公司','null',NULL,1,'2018-03-30 23:11:49'),(77,'深圳青铜器软件系统有限公司','null',NULL,1,'2018-03-30 23:11:49'),(78,'三维天地有限公司深圳分公司','null',NULL,1,'2018-03-30 23:11:49'),(79,'金智教育','null',NULL,1,'2018-03-30 23:11:49'),(80,'惠极','null',NULL,1,'2018-03-30 23:11:49'),(81,'深圳翰尔德智能科技有限公司','null',NULL,1,'2018-03-30 23:11:49'),(82,'上海美嘉林有限公司','null',NULL,1,'2018-03-30 23:11:49'),(83,'上海通善互联网有限公司','null',NULL,1,'2018-03-30 23:11:49'),(84,'睿世达科技有限公司','null',NULL,1,'2018-03-30 23:11:49'),(85,'日月元科技(深圳)有限公司','null',NULL,1,'2018-03-30 23:11:49'),(86,'小猫科技','null',NULL,1,'2018-03-30 23:11:49'),(87,'深圳坐标科技有限公司','null',NULL,1,'2018-03-30 23:11:49'),(88,'深圳市杰迈科技有限公司','null',NULL,1,'2018-03-30 23:11:49'),(89,'上海通善互联网金融信息服务有限公司','null',NULL,1,'2018-03-30 23:11:49'),(90,'深圳市海和科技股份有限公司','null',NULL,1,'2018-03-30 23:11:49'),(91,'深圳市普特生物医学工程有限公司','null',NULL,1,'2018-03-30 23:11:49'),(92,'深圳市知领互联信息有限公司','null',NULL,1,'2018-03-30 23:11:49'),(93,'深圳市卓讯信息技术有限公司','null',NULL,1,'2018-03-30 23:11:49'),(94,'中地软件工程有限公司','null',NULL,1,'2018-03-30 23:11:49'),(95,'点点趣有限公司','null',NULL,1,'2018-03-30 23:11:49'),(96,'睿世达信息科技','null',NULL,1,'2018-03-30 23:11:49'),(97,'上海金雷科技有限公司','null',NULL,1,'2018-03-30 23:11:49'),(98,'傲业科技','null',NULL,1,'2018-03-30 23:11:49'),(99,'工蜂网络','null',NULL,1,'2018-03-30 23:11:49'),(100,'深圳小辣椒科技有限责任公司','null',NULL,1,'2018-03-30 23:11:49'),(101,'深圳佳得盛集团有限公司','null',NULL,1,'2018-03-30 23:11:49'),(102,'世联行','null',NULL,1,'2018-03-30 23:11:49'),(103,'腾邦国际','null',NULL,1,'2018-03-30 23:11:49'),(104,'科陆电子','null',NULL,1,'2018-03-30 23:11:49'),(105,'深圳市智志高新科技开发有限公司','null',NULL,1,'2018-03-30 23:11:49'),(106,'筑龙','null',NULL,1,'2018-03-30 23:11:49'),(107,'羽实萧恩','null',NULL,1,'2018-03-30 23:11:49'),(108,'万普瑞斯','null',NULL,1,'2018-03-30 23:11:49'),(109,'中控智慧科技股份有限公司','null',NULL,1,'2018-03-30 23:11:49'),(110,'深圳航通智能科技股份有限公司','null',NULL,1,'2018-03-30 23:11:49'),(111,'金证前海金融科技有限公司','null',NULL,1,'2018-03-30 23:11:49'),(112,'金蝶软件园','null',NULL,1,'2018-03-30 23:11:49'),(113,'深圳收银家信息技术有限公司','null',NULL,1,'2018-03-30 23:11:49'),(114,'起航创信电子','null',NULL,1,'2018-03-30 23:11:49'),(115,'迈科龙','null',NULL,1,'2018-03-30 23:11:49'),(116,'兴海物联','null',NULL,1,'2018-03-30 23:11:49'),(117,'深圳华南通汽车租赁有限公司','null',NULL,1,'2018-03-30 23:11:49'),(118,'星乐软件','null',NULL,1,'2018-03-30 23:11:49'),(119,'康宏信息咨询','null',NULL,1,'2018-03-30 23:11:49'),(120,'税友软件集团','null',NULL,1,'2018-03-30 23:11:49'),(121,'讯停智能停车','null',NULL,1,'2018-03-30 23:11:49'),(122,'长城网科技有限公司','null',NULL,1,'2018-03-30 23:11:49'),(123,'声联网科技有限公司','null',NULL,1,'2018-03-30 23:11:49'),(124,'柠檬智慧科技股份有限公司','null',NULL,1,'2018-03-30 23:11:49'),(125,'汇美影像文化股份有限公司','null',NULL,1,'2018-03-30 23:11:49'),(126,'中海湾','null',NULL,1,'2018-03-30 23:11:49'),(127,'锐特信息公司人力资源部','null',NULL,1,'2018-03-30 23:11:49'),(128,'  深圳市中兴合众管理有限公司','null',NULL,1,'2018-03-30 23:11:49'),(129,'迈集网路科技有限公司','null',NULL,1,'2018-03-30 23:11:49'),(130,'赛古网络信息技术有限公司','null',NULL,1,'2018-03-30 23:11:49'),(131,'广湛雄网络科技有限公司','null',NULL,1,'2018-03-30 23:11:49'),(132,'深圳航通智能技术有限公司','null',NULL,1,'2018-03-30 23:11:49'),(133,'深圳星乐软件有限公司','null',NULL,1,'2018-03-30 23:11:49'),(134,'北京普信咨询有限公司','null',NULL,1,'2018-03-30 23:11:49'),(135,'卓宝集团','null',NULL,1,'2018-03-30 23:11:49'),(136,'深圳崇德动漫股份有限公司','null',NULL,1,'2018-03-30 23:11:49'),(137,'深圳念念信息技术有限公司','null',NULL,1,'2018-03-30 23:11:49'),(138,'一洽软件','null',NULL,1,'2018-03-30 23:11:49'),(139,'深圳莱尚科技有限公司','null',NULL,1,'2018-03-30 23:11:49'),(140,'深圳市腾达智能科技有限公司','null',NULL,1,'2018-03-30 23:11:49'),(141,'浪潮科技','null',NULL,1,'2018-03-30 23:11:49'),(142,'飞耶科技','null',NULL,1,'2018-03-30 23:11:49'),(143,'科陆电子（法本外包）','null',NULL,1,'2018-03-30 23:11:49'),(144,'乐乐信信息科技有限公司','null',NULL,1,'2018-03-30 23:11:49'),(145,'稳通金融服务有限公司','null',NULL,1,'2018-03-30 23:11:49'),(146,'优讯信息科技','null',NULL,1,'2018-03-30 23:11:49'),(147,'中软创新信息系统有限公司','null',NULL,1,'2018-03-30 23:11:49'),(148,'深圳市鼎游信息科技有限公司','null',NULL,1,'2018-03-30 23:11:49'),(149,'众德尔科技有限公司','null',NULL,1,'2018-03-30 23:11:49'),(150,'顺恒利集团','null',NULL,1,'2018-03-30 23:11:49'),(151,'深圳乐乐米信息技术有限公司','null',NULL,1,'2018-03-30 23:11:49'),(152,'深圳卓辰金融信息服务有限公司','null',NULL,1,'2018-03-30 23:11:49'),(153,'麦克隆科技有限公司','null',NULL,1,'2018-03-30 23:11:49'),(154,'深圳前海翼科技有限公司','null',NULL,1,'2018-03-30 23:11:49'),(155,'中兴仪器','null',NULL,1,'2018-03-30 23:11:49'),(156,'筷云科技','null',NULL,1,'2018-03-30 23:11:49'),(157,'迈集科技有限公司','null',NULL,1,'2018-03-30 23:11:49'),(158,'深圳恩多科技有限公司','null',NULL,1,'2018-03-30 23:11:49'),(159,'深圳云帮互联网科技有限公司','null',NULL,1,'2018-03-30 23:11:49'),(160,'深圳中远达智能科技有限公司','null',NULL,1,'2018-03-30 23:11:49'),(161,'深圳市广通软件有限公司','null',NULL,1,'2018-03-30 23:11:49'),(162,'深圳市红彤汽车股份有限公司','null',NULL,1,'2018-03-30 23:11:49'),(163,'现代城市环境服务有限公司','null',NULL,1,'2018-03-30 23:11:49'),(164,'深圳亿腾信息','null',NULL,1,'2018-03-30 23:11:49'),(165,'深圳天方达健信科技股份有限公司','null',NULL,1,'2018-03-30 23:11:49'),(166,'深圳虎克软件','null',NULL,1,'2018-03-30 23:11:49'),(167,'滕华软件（深圳）','null',NULL,1,'2018-03-30 23:11:49'),(168,'深圳银之杰科技股份有限公司','null',NULL,1,'2018-03-30 23:11:49'),(169,'金瑞龙互联网金融科技有限公司','null',NULL,1,'2018-03-30 23:11:49'),(170,'招银云创信息技术有限公司','null',NULL,1,'2018-03-30 23:11:49'),(171,'深圳聚点互通网络科技有限公司','null',NULL,1,'2018-03-30 23:11:49'),(172,'富士康','null',NULL,1,'2018-03-30 23:11:49'),(173,'中瑞科电子有限公司/优摩登软件','null',NULL,1,'2018-03-30 23:11:49'),(174,'开维教育信息技术股份有限公司','null',NULL,1,'2018-03-30 23:11:49'),(175,'深圳市蜂窝网络有限公司','null',NULL,1,'2018-03-30 23:11:49'),(176,'华融金融集团','null',NULL,1,'2018-03-30 23:11:49'),(177,'深圳弘长科技有限公司','null',NULL,1,'2018-03-30 23:11:49'),(178,'康宏信息咨询有限公司','null',NULL,1,'2018-03-30 23:11:49'),(179,'振邦科技','null',NULL,1,'2018-03-30 23:11:49'),(180,'凯迪仕智能科技有限公司','null',NULL,1,'2018-03-30 23:11:49'),(181,'前海云游数据运营有限公司','null',NULL,1,'2018-03-30 23:11:49'),(182,'深圳聚领','null',NULL,1,'2018-03-30 23:11:49'),(183,'深圳中集天达空港设备有限公司','null',NULL,1,'2018-03-30 23:11:49'),(184,'卓想物联网络','null',NULL,1,'2018-03-30 23:11:49'),(185,'微品质','null',NULL,1,'2018-03-30 23:11:49'),(186,'爱瑞思','null',NULL,1,'2018-03-30 23:11:49'),(187,'深圳乐唯科技','null',NULL,1,'2018-03-30 23:11:49'),(188,'深圳云来','null',NULL,1,'2018-03-30 23:11:49'),(189,'拜特科技','null',NULL,1,'2018-03-30 23:11:49'),(190,'云之讯','null',NULL,1,'2018-03-30 23:11:49'),(191,'嘟嘟流','null',NULL,1,'2018-03-30 23:11:49'),(192,'真新科技','null',NULL,1,'2018-03-30 23:11:49'),(193,'瑞泰信','null',NULL,1,'2018-03-30 23:11:49'),(194,'继尧','null',NULL,1,'2018-03-30 23:11:49'),(195,'越亮传奇','null',NULL,1,'2018-03-30 23:11:49'),(196,'北京筑龙','null',NULL,1,'2018-03-30 23:11:49'),(197,'鹰硕','null',NULL,1,'2018-03-30 23:11:49'),(198,'秦风创客','null',NULL,1,'2018-03-30 23:11:49'),(199,'百威智能','null',NULL,1,'2018-03-30 23:11:49'),(200,'巨鼎','null',NULL,1,'2018-03-30 23:11:49'),(201,'桌垣翰','null',NULL,1,'2018-03-30 23:11:49'),(202,'挚爱空间','null',NULL,1,'2018-03-30 23:11:49'),(203,'华龙迅达','null',NULL,1,'2018-03-30 23:11:49'),(204,'中科远','null',NULL,1,'2018-03-30 23:11:49'),(205,'中融亚太','null',NULL,1,'2018-03-30 23:11:49'),(206,'阿尔艾富','null',NULL,1,'2018-03-30 23:11:49'),(207,'亿起融','null',NULL,1,'2018-03-30 23:11:49'),(208,'指姆游','null',NULL,1,'2018-03-30 23:11:49'),(209,'云石企业服务','null',NULL,1,'2018-03-30 23:11:49'),(210,'飞贷','null',NULL,1,'2018-03-30 23:11:49'),(211,'深圳市轨道交通研究中心','null',NULL,1,'2018-03-30 23:11:49'),(212,'云积分','null',NULL,1,'2018-03-30 23:11:49'),(213,'资本在线','null',NULL,1,'2018-03-30 23:11:49'),(214,'百果园','null',NULL,1,'2018-03-30 23:11:49'),(215,'亚联财小额贷','null',NULL,1,'2018-03-30 23:11:49'),(216,'凌雄服务公司','null',NULL,1,'2018-03-30 23:11:49'),(217,'美亚柏科','null',NULL,1,'2018-03-30 23:11:49'),(218,'深圳浩方电子商务有限公司','null',NULL,1,'2018-03-30 23:11:49'),(219,'深圳数马电子技术有限公司','null',NULL,1,'2018-03-30 23:11:49'),(220,'深圳市沃尔夫投资有限公司','null',NULL,1,'2018-03-30 23:11:49'),(221,'深圳市众诚品业科技有限公司','null',NULL,1,'2018-03-30 23:11:49'),(222,'深圳软通动力信息技术有限公司','null',NULL,1,'2018-03-30 23:11:49'),(223,'二十一世纪嘉誉','null',NULL,1,'2018-03-30 23:11:49'),(224,'深圳市嘉力达节能科技股份有限公司','null',NULL,1,'2018-03-30 23:11:49'),(225,'深圳金政软件有限公司','null',NULL,1,'2018-03-30 23:11:49'),(226,'深圳智能表芯有限公司','null',NULL,1,'2018-03-30 23:11:49'),(227,'深圳市永兴元科技有限公司','null',NULL,1,'2018-03-30 23:11:49'),(228,'易天堂','null',NULL,1,'2018-03-30 23:11:49'),(229,'中软（华为）合资外包（龙岗区）','null',NULL,1,'2018-03-30 23:11:49'),(230,'迪博风险企业管理技术有限公司','null',NULL,1,'2018-03-30 23:11:49'),(231,'深圳市惠点网络科技有限公司','null',NULL,1,'2018-03-30 23:11:49'),(232,'深圳市华南通汽车租赁（集团）有限公司','null',NULL,1,'2018-03-30 23:11:49'),(233,'上海易宝软件公司','null',NULL,1,'2018-03-30 23:11:49'),(234,'亿达信息技术有限公司','null',NULL,1,'2018-03-30 23:11:49'),(235,'UT斯达康','null',NULL,1,'2018-03-30 23:11:49'),(236,'双平泰医疗有限公司','null',NULL,1,'2018-03-30 23:11:49'),(237,'大金来科技有限公司','null',NULL,1,'2018-03-30 23:11:49'),(238,'深圳市圣义承科技有限公司','null',NULL,1,'2018-03-30 23:11:49'),(239,'深圳佳盟技术有限公司','null',NULL,1,'2018-03-30 23:11:49'),(240,'北京神州云动科技股份有限公司','null',NULL,1,'2018-03-30 23:11:49'),(241,'华腾软件(就是中软国际)','null',NULL,1,'2018-03-30 23:11:49'),(242,'深圳市双平泰科技有限公司','null',NULL,1,'2018-03-30 23:11:49'),(243,'深圳市太极云科技有限公司','null',NULL,1,'2018-03-30 23:11:49'),(244,'顺丰','null',NULL,1,'2018-03-30 23:11:49'),(245,'深圳商合软件有限公司','null',NULL,1,'2018-03-30 23:11:49'),(246,'深圳华建建设集团','null',NULL,1,'2018-03-30 23:11:49'),(247,'深圳极维度智能科技有限公司','null',NULL,1,'2018-03-30 23:11:49'),(248,'深圳巨鼎医疗设备有限公司','null',NULL,1,'2018-03-30 23:11:49'),(249,'深圳优讯信息技术有限公司','null',NULL,1,'2018-03-30 23:11:49'),(250,'深圳市法本软件园','null',NULL,1,'2018-03-30 23:11:49'),(251,'深圳和美信息技术股份有限公司','null',NULL,1,'2018-03-30 23:11:49'),(252,'象翌微链公司','null',NULL,1,'2018-03-30 23:11:49'),(253,'光汇石油集团','null',NULL,1,'2018-03-30 23:11:49'),(254,'紫旭科技','null',NULL,1,'2018-03-30 23:11:49'),(255,'深圳市三德资产管理有限公司','null',NULL,1,'2018-03-30 23:11:49'),(256,'深圳市快易购科技有限公司','null',NULL,1,'2018-03-30 23:11:49'),(257,'深圳快贝金融科技有限公司','null',NULL,1,'2018-03-30 23:11:49'),(258,'深圳亿腾信息互联咨询有限公司','null',NULL,1,'2018-03-30 23:11:49'),(259,'深圳市金证科技股份有限公司','null',NULL,1,'2018-03-30 23:11:49'),(260,'金蝶软件有限公司','null',NULL,1,'2018-03-30 23:11:49'),(261,'深圳万商联购科技有限公司','null',NULL,1,'2018-03-30 23:11:49'),(262,'深圳紫旭科技有限公司\n深圳零壹移动互联网有限公司','null',NULL,1,'2018-03-30 23:11:49'),(263,'深圳互彩通讯科技有限公司','null',NULL,1,'2018-03-30 23:11:49'),(264,'深圳优讯信息科技有限公司','null',NULL,1,'2018-03-30 23:11:49'),(265,'深圳广通软件有限公司','null',NULL,1,'2018-03-30 23:11:49'),(266,'少花点','null',NULL,1,'2018-03-30 23:11:49'),(267,'对面网诺有限公司','null',NULL,1,'2018-03-30 23:11:49'),(268,'深圳卓讯','null',NULL,1,'2018-03-30 23:11:49'),(269,'深圳市德科软件','null',NULL,1,'2018-03-30 23:11:49'),(270,'深圳市德兰普生科技有限公司','null',NULL,1,'2018-03-30 23:11:49'),(271,'深圳市乐福衡器有限公司','null',NULL,1,'2018-03-30 23:11:49'),(272,'聚诚(深圳)网络科技有限公司','null',NULL,1,'2018-03-30 23:11:49'),(273,'深圳市金律科技有限公司','null',NULL,1,'2018-03-30 23:11:49'),(274,'和美科技','null',NULL,1,'2018-03-30 23:11:49'),(275,'金钥匙控股','null',NULL,1,'2018-03-30 23:11:49'),(276,'锦鹏科技','null',NULL,1,'2018-03-30 23:11:49'),(277,'金瑞龙汇鑫','null',NULL,1,'2018-03-30 23:11:49'),(278,'深圳无线便利科技信息有限公司','null',NULL,1,'2018-03-30 23:11:49'),(279,'深圳华南通汽车 接口开发','null',NULL,1,'2018-03-30 23:11:49'),(280,'深圳华龙讯达信息技术股份有限公司','null',NULL,1,'2018-03-30 23:11:49'),(281,'达实智能','null',NULL,1,'2018-03-30 23:11:49'),(282,'立信创源','null',NULL,1,'2018-03-30 23:11:49'),(283,'优讯科技','null',NULL,1,'2018-03-30 23:11:49'),(284,'美嘉林科技','null',NULL,1,'2018-03-30 23:11:49'),(285,'美云集','null',NULL,1,'2018-03-30 23:11:49'),(286,'科迈技术有限公司','null',NULL,1,'2018-03-30 23:11:49'),(287,'怡亚迪','null',NULL,1,'2018-03-30 23:11:49'),(288,'柠檬智慧有限公司','null',NULL,1,'2018-03-30 23:11:49'),(289,'深圳市长亮核心科技有限公司','null',NULL,1,'2018-03-30 23:11:49'),(290,'华鹏飞股份有限公司','null',NULL,1,'2018-03-30 23:11:49'),(291,'点将金融','null',NULL,1,'2018-03-30 23:11:49'),(292,'继尧信息技术有限公司','null',NULL,1,'2018-03-30 23:11:49'),(293,'优摩登软件开发有限公司','null',NULL,1,'2018-03-30 23:11:49'),(294,'汇鑫科技','null',NULL,1,'2018-03-30 23:11:49'),(295,'新富资本','null',NULL,1,'2018-03-30 23:11:49'),(296,'递四方','null',NULL,1,'2018-03-30 23:11:49'),(297,'前海金网互联科技','null',NULL,1,'2018-03-30 23:11:49'),(298,'深圳灵沃有限公司培训','null',NULL,1,'2018-03-30 23:11:49'),(299,'鼎尖软件有限公司','null',NULL,1,'2018-03-30 23:11:49'),(300,'上海慧骨勤行医疗科技有限公司','null',NULL,1,'2018-03-30 23:11:49'),(301,'泛在联通科技','null',NULL,1,'2018-03-30 23:11:49'),(302,'朗锐科技','null',NULL,1,'2018-03-30 23:11:49'),(303,'一七网络科技有限公司','null',NULL,1,'2018-03-30 23:11:49'),(304,'嘟嘟牛','null',NULL,1,'2018-03-30 23:11:49'),(305,'点筹互联网金融','null',NULL,1,'2018-03-30 23:11:49'),(306,'博安达信息技术股份有限公司','null',NULL,1,'2018-03-30 23:11:49'),(307,'秦风科技','null',NULL,1,'2018-03-30 23:11:49'),(308,'神州数码','null',NULL,1,'2018-03-30 23:11:49'),(309,'万特联药业','null',NULL,1,'2018-03-30 23:11:49'),(310,'怡亚通','null',NULL,1,'2018-03-30 23:11:49'),(311,'东软软件','null',NULL,1,'2018-03-30 23:11:49'),(312,'中科新业','null',NULL,1,'2018-03-30 23:11:49'),(313,'三维通','null',NULL,1,'2018-03-30 23:11:49'),(314,'深圳白骑士大数据有限公司','null',NULL,1,'2018-03-30 23:11:49'),(315,'深圳市每天惠电子商务有限公司','null',NULL,1,'2018-03-30 23:11:49'),(316,'青岛禧泰房地产','null',NULL,1,'2018-03-30 23:11:49'),(317,'大道网络','null',NULL,1,'2018-03-30 23:11:49'),(318,'美讯','null',NULL,1,'2018-03-30 23:11:49'),(319,'思品','null',NULL,1,'2018-03-30 23:11:49'),(320,'智付科技集团有限公司','null',NULL,1,'2018-03-30 23:11:49'),(321,'开思','null',NULL,1,'2018-03-30 23:11:49'),(322,'智搜','null',NULL,1,'2018-03-30 23:11:49'),(323,'昱立科技','null',NULL,1,'2018-03-30 23:11:49'),(324,'浩瀚科技','null',NULL,1,'2018-03-30 23:11:49'),(325,'天方建达','null',NULL,1,'2018-03-30 23:11:49'),(326,'紫川互联','null',NULL,1,'2018-03-30 23:11:49'),(327,'深圳华芯信息技术股份有限公司','null',NULL,1,'2018-03-30 23:11:49'),(328,'深圳开思时代科技有限公司','null',NULL,1,'2018-03-30 23:11:49'),(329,'浩翰星河','null',NULL,1,'2018-03-30 23:11:49'),(330,'北京中科江南信息技术股份有限公司','null',NULL,1,'2018-03-30 23:11:49'),(331,'易博天下','null',NULL,1,'2018-03-30 23:11:49'),(332,'中卫信息','null',NULL,1,'2018-03-30 23:11:49'),(333,'小亿科技','null',NULL,1,'2018-03-30 23:11:49'),(334,'南京日冲软件股份有限公司','null',NULL,1,'2018-03-30 23:11:49'),(335,'按揭帮','null',NULL,1,'2018-03-30 23:11:49'),(336,'物联网科技','null',NULL,1,'2018-03-30 23:11:49'),(337,'易车行','null',NULL,1,'2018-03-30 23:11:49'),(338,'雷士照明','null',NULL,1,'2018-03-30 23:11:49'),(339,'翰林经纬科技','null',NULL,1,'2018-03-30 23:11:49'),(340,'恒生电子科技有限公司','null',NULL,1,'2018-03-30 23:11:49'),(341,'开科唯识科技有限公司','null',NULL,1,'2018-03-30 23:11:49'),(342,'深圳长亮科技股份有限公司','null',NULL,1,'2018-03-30 23:11:49'),(343,'雄帝科技股份有限公司','null',NULL,1,'2018-03-30 23:11:49'),(344,'思品信息','null',NULL,1,'2018-03-30 23:11:49'),(345,'迪尔西','null',NULL,1,'2018-03-30 23:11:49'),(346,'联云计算','null',NULL,1,'2018-03-30 23:11:49'),(347,'全潮科技','null',NULL,1,'2018-03-30 23:11:49'),(348,'安鑫宝','null',NULL,1,'2018-03-30 23:11:49'),(349,'深圳峰涛科技有限公司','null',NULL,1,'2018-03-30 23:11:49'),(350,'桃源居实业','null',NULL,1,'2018-03-30 23:11:49'),(351,'斯维尔','null',NULL,1,'2018-03-30 23:11:49'),(352,'佳保安全股份有限公司','null',NULL,1,'2018-03-30 23:11:49'),(353,'深圳市方软信息产业有限公司','null',NULL,1,'2018-03-30 23:11:49'),(354,'易立德企业管理咨询有限公','null',NULL,1,'2018-03-30 23:11:49'),(355,'卓正医疗','null',NULL,1,'2018-03-30 23:11:49'),(356,'创业软件股份有限公司','null',NULL,1,'2018-03-30 23:11:49'),(357,'华思软件公司','null',NULL,1,'2018-03-30 23:11:49'),(358,'深圳中海湾实业有限公司','null',NULL,1,'2018-03-30 23:11:49'),(359,'深圳小猫信息技术有限公司','null',NULL,1,'2018-03-30 23:11:49'),(360,'一叶知秋有限公司','null',NULL,1,'2018-03-30 23:11:49'),(361,'富民环球新公司','null',NULL,1,'2018-03-30 23:11:49'),(362,'声联网科技公司','null',NULL,1,'2018-03-30 23:11:49'),(363,'三维度科技','null',NULL,1,'2018-03-30 23:11:49'),(364,'深圳富珉信息咨询有限公司','null',NULL,1,'2018-03-30 23:11:49'),(365,'平安证券','null',NULL,1,'2018-03-30 23:11:49'),(366,'深圳鲤鹏科技信息技术有限公司','null',NULL,1,'2018-03-30 23:11:49'),(367,'深圳市顺恒利工程集团','null',NULL,1,'2018-03-30 23:11:49'),(368,'深圳丝路天地电子商务有限公司','null',NULL,1,'2018-03-30 23:11:49'),(369,'深圳市银星智能科技股份有限公司','null',NULL,1,'2018-03-30 23:11:49'),(370,'深圳市慧极软件技术有限公司','null',NULL,1,'2018-03-30 23:11:49'),(371,'深圳市优迅信息有限公司','null',NULL,1,'2018-03-30 23:11:49'),(372,'深圳价值在线信息科技股份有限公司','null',NULL,1,'2018-03-30 23:11:49'),(373,'深圳市慧极科技有限公司','null',NULL,1,'2018-03-30 23:11:49'),(374,'金智软件','null',NULL,1,'2018-03-30 23:11:49'),(375,'小亿网络','null',NULL,1,'2018-03-30 23:11:49'),(376,'奇信股份深圳市全容科技有限公司','null',NULL,1,'2018-03-30 23:11:49'),(377,'深圳市金智软件有限公司','null',NULL,1,'2018-03-30 23:11:49'),(378,'深圳市融梦科技有限公司面','null',NULL,1,'2018-03-30 23:11:49'),(379,'前海双龙（深圳）文化科技有限公司','null',NULL,1,'2018-03-30 23:11:49'),(380,'深圳市元道通信技术有限公司','null',NULL,1,'2018-03-30 23:11:49'),(381,'深圳市明泰智能技术有限公司','null',NULL,1,'2018-03-30 23:11:49'),(382,'深圳市中核海得威生物科技有限公司','null',NULL,1,'2018-03-30 23:11:49'),(383,'深圳小猫信息有限公司','null',NULL,1,'2018-03-30 23:11:49'),(384,'深圳市优购科技有限公司','null',NULL,1,'2018-03-30 23:11:49'),(385,'深圳医畅科技发展有限公司','null',NULL,1,'2018-03-30 23:11:49'),(386,'上海美佳林科技有限公司','null',NULL,1,'2018-03-30 23:11:49'),(387,'天天盈球','null',NULL,1,'2018-03-30 23:11:49'),(388,'深圳市优学天下教育发展股份有限公司（原诺亚舟）','null',NULL,1,'2018-03-30 23:11:49'),(389,'深圳市众行网科技有限公司','null',NULL,1,'2018-03-30 23:11:49'),(390,'雁联计算系统有限公司','null',NULL,1,'2018-03-30 23:11:49'),(391,'深圳华农迅达信息股份有限公司','null',NULL,1,'2018-03-30 23:11:49'),(392,'深圳科技有限公司','null',NULL,1,'2018-03-30 23:11:49'),(393,'深圳天绘北斗科技有限公司','null',NULL,1,'2018-03-30 23:11:49'),(394,'资本在线金融信息','null',NULL,1,'2018-03-30 23:11:49'),(395,'沃通','null',NULL,1,'2018-03-30 23:11:49'),(396,'联合利丰供应链管理有限公司','null',NULL,1,'2018-03-30 23:11:49'),(397,'商智神州（北京）股份有限公司（恒生）','null',NULL,1,'2018-03-30 23:11:49'),(398,'深圳市卓宝科技股份有限公司','null',NULL,1,'2018-03-30 23:11:49'),(399,'深圳华龙迅达信息技术股份有限公司','null',NULL,1,'2018-03-30 23:11:49'),(400,'深圳市小亿网络有限公司','null',NULL,1,'2018-03-30 23:11:49'),(401,'深圳羽实箫恩','null',NULL,1,'2018-03-30 23:11:49'),(402,'深圳优启科技有限公司','null',NULL,1,'2018-03-30 23:11:49'),(403,'西数','null',NULL,1,'2018-03-30 23:11:49'),(404,'威锋网','null',NULL,1,'2018-03-30 23:11:49'),(405,'众行网络','null',NULL,1,'2018-03-30 23:11:49'),(406,'仁和兴业投资有限公司','null',NULL,1,'2018-03-30 23:11:49'),(407,'雷洋智能科技股份有限公司','null',NULL,1,'2018-03-30 23:11:49'),(408,'闻迅数码科技有限公司','null',NULL,1,'2018-03-30 23:11:49'),(409,'鑫源科技科技有限公司','null',NULL,1,'2018-03-30 23:11:49'),(410,'深圳市美讯在线网络技术有限公司','null',NULL,1,'2018-03-30 23:11:49'),(411,'深圳维拉度假','null',NULL,1,'2018-03-30 23:11:49'),(412,'深圳真地智能科技有限公司','null',NULL,1,'2018-03-30 23:11:49'),(413,'南京华苏科技有限公司','null',NULL,1,'2018-03-30 23:11:49'),(414,'鼎游科技','null',NULL,1,'2018-03-30 23:11:49'),(415,'乐享工坊','null',NULL,1,'2018-03-30 23:11:49'),(416,'深圳市君仁科技发展有限公司','null',NULL,1,'2018-03-30 23:11:49'),(417,'深圳市赛亿科技开发有限公司 面试信息','null',NULL,1,'2018-03-30 23:11:49'),(418,'爱瑞思软件（深圳）有限公司','null',NULL,1,'2018-03-30 23:11:49'),(419,'天安中国智慧运营中心','null',NULL,1,'2018-03-30 23:11:49'),(420,'广州智算信息技术有限公司','null',NULL,1,'2018-03-30 23:11:49'),(421,'深圳市长亮科技股份有限公司','null',NULL,1,'2018-03-30 23:11:49'),(422,'富明','null',NULL,1,'2018-03-30 23:11:49'),(423,'深圳市弘成科技发展有限公司','null',NULL,1,'2018-03-30 23:11:49'),(424,'深圳市麦亚信科技股份有限公司','null',NULL,1,'2018-03-30 23:11:49'),(425,'易诚互动','null',NULL,1,'2018-03-30 23:11:49'),(426,'华云中盛科技有限公司','null',NULL,1,'2018-03-30 23:11:49'),(427,'深圳市实信达科技开发有限公司','null',NULL,1,'2018-03-30 23:11:49'),(428,'深圳市铛铛出行科技有限公司','null',NULL,1,'2018-03-30 23:11:49'),(429,'深圳市集时通讯股份有限公司','null',NULL,1,'2018-03-30 23:11:49'),(430,'深圳市华龙迅达信息技术股份有限公司','null',NULL,1,'2018-03-30 23:11:49'),(431,'深圳市深冠科精密设备有限公司','null',NULL,1,'2018-03-30 23:11:49'),(432,'深圳市飞耶软件有限公司','null',NULL,1,'2018-03-30 23:11:49'),(433,'深圳市贝克希尔智能科技有限公司','null',NULL,1,'2018-03-30 23:11:49'),(434,'森特尔洗护管理有限公司','null',NULL,1,'2018-03-30 23:11:49'),(435,'深圳市长亮网金科技有限公司','null',NULL,1,'2018-03-30 23:11:49'),(436,'深圳广田集团股份有限公司','null',NULL,1,'2018-03-30 23:11:49'),(437,'深圳市策维科技有限公司','null',NULL,1,'2018-03-30 23:11:49'),(438,'深圳市海恒智能技术有限公司','null',NULL,1,'2018-03-30 23:11:49'),(439,'深圳微品致远信息科技有限公司','null',NULL,1,'2018-03-30 23:11:49'),(440,'深圳市科陆电子股份有限公司','null',NULL,1,'2018-03-30 23:11:49'),(441,'深圳市华思软件有限公司','null',NULL,1,'2018-03-30 23:11:49'),(442,'深圳市华思科技有限公司','null',NULL,1,'2018-03-30 23:11:49'),(443,'轩宇车鼎','null',NULL,1,'2018-03-30 23:11:49'),(444,'宏大创新科技有限公司','null',NULL,1,'2018-03-30 23:11:49'),(445,'嘿嘿云','null',NULL,1,'2018-03-30 23:11:49'),(446,'深圳市小猫信息技术有限公司','null',NULL,1,'2018-03-30 23:11:49'),(447,'拇指游玩','null',NULL,1,'2018-03-30 23:11:49'),(448,'深圳市创恒特科技有限公司','null',NULL,1,'2018-03-30 23:11:49'),(449,'深圳市嘟嘟牛科技有限公司','null',NULL,1,'2018-03-30 23:11:49'),(450,'小小金融集团','null',NULL,1,'2018-03-30 23:11:49'),(451,'爱瑞斯','null',NULL,1,'2018-03-30 23:11:49'),(452,'深圳市鸿新大真网络技术有限公司','null',NULL,1,'2018-03-30 23:11:49'),(453,'厚德世家','null',NULL,1,'2018-03-30 23:11:49'),(454,'深圳市优讯信息','null',NULL,1,'2018-03-30 23:11:49'),(455,'深圳市华典智慧有限公司','null',NULL,1,'2018-03-30 23:11:49'),(456,'谷通科技','null',NULL,1,'2018-03-30 23:11:49'),(457,'深圳京柏医疗科技股份有限公司','null',NULL,1,'2018-03-30 23:11:49'),(458,'汇思软件','null',NULL,1,'2018-03-30 23:11:49'),(459,'瑞林科技','null',NULL,1,'2018-03-30 23:11:49'),(460,'道乐科技','null',NULL,1,'2018-03-30 23:11:49'),(461,'博实结','null',NULL,1,'2018-03-30 23:11:49'),(462,'顺丰速运有限公司','null',NULL,1,'2018-03-30 23:11:49'),(463,'康拓普信息技术有限公司','null',NULL,1,'2018-03-30 23:11:49'),(464,'有迅达科技股份有限公司','null',NULL,1,'2018-03-30 23:11:49'),(465,'创纪资源有限公司','null',NULL,1,'2018-03-30 23:11:49'),(466,'云房网络','null',NULL,1,'2018-03-30 23:11:49'),(467,'菠菜科技有限公司','null',NULL,1,'2018-03-30 23:11:49'),(468,'开科唯识技术有限公司','null',NULL,1,'2018-03-30 23:11:49'),(469,'人人软件','null',NULL,1,'2018-03-30 23:11:49'),(470,'中软（外包到平安）','null',NULL,1,'2018-03-30 23:11:49'),(471,'奥拓电子','null',NULL,1,'2018-03-30 23:11:49'),(472,'首控微金资本管理有限公司','null',NULL,1,'2018-03-30 23:11:49'),(473,'尚游网络科技','null',NULL,1,'2018-03-30 23:11:49'),(474,'深圳市北电仪表有限公司','null',NULL,1,'2018-03-30 23:11:49'),(475,'金钱盾','null',NULL,1,'2018-03-30 23:11:49'),(476,'花儿绽放','null',NULL,1,'2018-03-30 23:11:49'),(477,'马丁高新科技','null',NULL,1,'2018-03-30 23:11:49'),(478,'深圳网蓝通用科技有限公司','null',NULL,1,'2018-03-30 23:11:49'),(479,'深圳前海汇联基金销售有限公司','null',NULL,1,'2018-03-30 23:11:49'),(480,'妍丽化妆品中国有限公司','null',NULL,1,'2018-03-30 23:11:49'),(481,'汇智动力信息技术有限公司','null',NULL,1,'2018-03-30 23:11:49'),(482,'浩诚（合众）','null',NULL,1,'2018-03-30 23:11:49'),(483,'瑞驰信息技术有限公司','null',NULL,1,'2018-03-30 23:11:49'),(484,'弘历集团','null',NULL,1,'2018-03-30 23:11:49'),(485,'伯恩光学','null',NULL,1,'2018-03-30 23:11:49'),(486,'绿联科技','null',NULL,1,'2018-03-30 23:11:49'),(487,'今天国际','null',NULL,1,'2018-03-30 23:11:49'),(488,'深圳大学城管理办公室','null',NULL,1,'2018-03-30 23:11:49'),(489,'北京联招教育文化有限公司（中关新才项目组）','null',NULL,1,'2018-03-30 23:11:49'),(490,'云房科技','null',NULL,1,'2018-03-30 23:11:49'),(491,'金蝶国际软件集团有限公司','null',NULL,1,'2018-03-30 23:11:49'),(492,'文达通电子商务有限公式','null',NULL,1,'2018-03-30 23:11:49'),(493,'采集科技','null',NULL,1,'2018-03-30 23:11:49'),(494,'奇宏电子有限责任公司','null',NULL,1,'2018-03-30 23:11:49'),(495,'TCL国际e城','null',NULL,1,'2018-03-30 23:11:49'),(496,'深圳达普信科技','null',NULL,1,'2018-03-30 23:11:49'),(497,'深圳市中海通物流股份有限公司','null',NULL,1,'2018-03-30 23:11:49'),(498,'万艺信息科技(深圳)有限公司','null',NULL,1,'2018-03-30 23:11:49'),(499,'深圳前海爱感谢文化股份有限公司','null',NULL,1,'2018-03-30 23:11:49'),(500,'加拿大百胜扬工业电子商务平台发展有限公司','null',NULL,1,'2018-03-30 23:11:49'),(501,'万艺信息科技有限公司','null',NULL,1,'2018-03-30 23:11:49'),(502,'深圳市众可智能管理有限公司','null',NULL,1,'2018-03-30 23:11:49'),(503,'深圳维曼计算机公司','null',NULL,1,'2018-03-30 23:11:49'),(504,'深圳华天地信息服务有限公司','null',NULL,1,'2018-03-30 23:11:49'),(505,'深圳市鸿湾软件科技有限公司','null',NULL,1,'2018-03-30 23:11:49'),(506,'深圳天之腾科技有限公司','null',NULL,1,'2018-03-30 23:11:49'),(507,'深圳市尚诚信息技术有限公司','null',NULL,1,'2018-03-30 23:11:49'),(508,'深圳万艺信息科技有限公司','null',NULL,1,'2018-03-30 23:11:49'),(509,'深圳极维度科技有限公司','null',NULL,1,'2018-03-30 23:11:49'),(510,'深圳市伟峰科技有限公司','null',NULL,1,'2018-03-30 23:11:49'),(511,'深圳人人科技','null',NULL,1,'2018-03-30 23:11:49'),(512,'深圳掌视通科技','null',NULL,1,'2018-03-30 23:11:49'),(513,'燚晖科技合伙企业','null',NULL,1,'2018-03-30 23:11:49'),(514,'云高信息技术有限公司','null',NULL,1,'2018-03-30 23:11:49'),(515,'金合联供应链技术有限公司','null',NULL,1,'2018-03-30 23:11:49'),(516,'前海金网互联科技有限公司','null',NULL,1,'2018-03-30 23:11:49'),(517,'无极云区块链','null',NULL,1,'2018-03-30 23:11:49'),(518,'深圳宇翊有限公司','null',NULL,1,'2018-03-30 23:11:49'),(519,'深圳力鼎管理顾问有限公司','null',NULL,1,'2018-03-30 23:11:49'),(520,'深圳人人科技有限公司','null',NULL,1,'2018-03-30 23:11:49'),(521,'博安达科技','null',NULL,1,'2018-03-30 23:11:49'),(522,'牧云联科技有限公司','null',NULL,1,'2018-03-30 23:11:49'),(523,'卫宁中天软件有限公司','null',NULL,1,'2018-03-30 23:11:49'),(524,'恒康泰医疗科技有限公司','null',NULL,1,'2018-03-30 23:11:49'),(525,'北京朝歌数码科技有限公司','null',NULL,1,'2018-03-30 23:11:49'),(526,'深圳迈克思腾科技有限公司','null',NULL,1,'2018-03-30 23:11:49'),(527,'志鸿软件有限公司','null',NULL,1,'2018-03-30 23:11:49'),(528,'永兴元科技股份有限公司','null',NULL,1,'2018-03-30 23:11:49'),(529,'英龙华通科技发展有限公司','null',NULL,1,'2018-03-30 23:11:49'),(530,'亚信软件','null',NULL,1,'2018-03-30 23:11:49'),(531,'深圳资本在线金融信息服务有限公司','null',NULL,1,'2018-03-30 23:11:49'),(532,'深圳市捷买国际货运代理有限公司','null',NULL,1,'2018-03-30 23:11:49'),(533,'深圳市深空太白网络科技有限公司','null',NULL,1,'2018-03-30 23:11:49'),(534,'深圳卓越云尚科技有限公司','null',NULL,1,'2018-03-30 23:11:49'),(535,'深圳海云天股份有限公司','null',NULL,1,'2018-03-30 23:11:49'),(536,'深圳云高信息技术股份有限公司','null',NULL,1,'2018-03-30 23:11:49'),(537,'国通电信','null',NULL,1,'2018-03-30 23:11:49'),(538,'中宁卫天','null',NULL,1,'2018-03-30 23:11:49'),(539,'拓尔思','null',NULL,1,'2018-03-30 23:11:49'),(540,'康德环宇','null',NULL,1,'2018-03-30 23:11:49'),(541,'深圳掌世界','null',NULL,1,'2018-03-30 23:11:49'),(542,'深圳巨沃科技','null',NULL,1,'2018-03-30 23:11:49'),(543,'研信电子','null',NULL,1,'2018-03-30 23:11:49'),(544,'超飞科技','null',NULL,1,'2018-03-30 23:11:49'),(545,'深圳图为技术有限公司','null',NULL,1,'2018-03-30 23:11:49'),(546,'前海电商供应链管理有限公司','null',NULL,1,'2018-03-30 23:11:49'),(547,'盈和信息科技有限公司','null',NULL,1,'2018-03-30 23:11:49'),(548,'上海悦商信息深圳分公司','null',NULL,1,'2018-03-30 23:11:49'),(549,'拜特科技股份有限公司','null',NULL,1,'2018-03-30 23:11:49'),(550,'深圳真兴健康管理有限公司','null',NULL,1,'2018-03-30 23:11:49'),(551,'易立德企业管理咨询有限公司','null',NULL,1,'2018-03-30 23:11:49'),(552,'金蝶集团','null',NULL,1,'2018-03-30 23:11:49'),(553,'深圳易思智科技有限公司','null',NULL,1,'2018-03-30 23:11:49'),(554,'鎏信科技有限公司','null',NULL,1,'2018-03-30 23:11:49'),(555,'深空太白网络技术','null',NULL,1,'2018-03-30 23:11:49'),(556,'赞成科技有限公司','null',NULL,1,'2018-03-30 23:11:49'),(557,'思迪信息','null',NULL,1,'2018-03-30 23:11:49'),(558,'深圳奥哲网络科技有限公司','null',NULL,1,'2018-03-30 23:11:49'),(559,'深圳市世纪贷金融服务有限公司','null',NULL,1,'2018-03-30 23:11:49'),(560,'深圳市海容纳科技有限公司','null',NULL,1,'2018-03-30 23:11:49'),(561,'佰钧成','null',NULL,1,'2018-03-30 23:11:49'),(562,'巨沃科技有限公司','null',NULL,1,'2018-03-30 23:11:49'),(563,'恒泰金融','null',NULL,1,'2018-03-30 23:11:49'),(564,'首金誉互联网金融服务有限公司','null',NULL,1,'2018-03-30 23:11:49'),(565,'德信软件','null',NULL,1,'2018-03-30 23:11:49'),(566,'艾瑞斯科技有限公司','null',NULL,1,'2018-03-30 23:11:49'),(567,'广州云星信息技术有限公司 ','null',NULL,1,'2018-03-30 23:11:49'),(568,'博商学院','null',NULL,1,'2018-03-30 23:11:49'),(569,'深圳市精准分众','null',NULL,1,'2018-03-30 23:11:49'),(570,'平安产检','null',NULL,1,'2018-03-30 23:11:49'),(571,'龙创软件','null',NULL,1,'2018-03-30 23:11:49'),(572,'几米科技有限公司','null',NULL,1,'2018-03-30 23:11:49'),(573,'腾邦莫林差旅管理有限公司','null',NULL,1,'2018-03-30 23:11:49'),(574,'爱牙邦医疗器械有限公司','null',NULL,1,'2018-03-30 23:11:49'),(575,'灵沃软件开发有限公司','null',NULL,1,'2018-03-30 23:11:49'),(576,'深圳中图信息科技有限公司','null',NULL,1,'2018-03-30 23:11:49'),(577,'怡源通科技有限公司','null',NULL,1,'2018-03-30 23:11:49'),(578,'卫宁科技有限公司','null',NULL,1,'2018-03-30 23:11:49');

/*Table structure for table `companytoindex` */

DROP TABLE IF EXISTS `companytoindex`;

CREATE TABLE `companytoindex` (
  `id` int(11) NOT NULL AUTO_INCREMENT,
  `idindexes` int(11) DEFAULT NULL,
  `idcompany` int(11) DEFAULT NULL,
  PRIMARY KEY (`id`)
) ENGINE=InnoDB AUTO_INCREMENT=1912 DEFAULT CHARSET=utf8;

/*Data for the table `companytoindex` */

insert  into `companytoindex`(`id`,`idindexes`,`idcompany`) values (1,232,1),(2,185,2),(3,47,3),(4,36,3),(5,234,3),(6,63,3),(7,86,4),(8,241,4),(9,5,4),(10,4,4),(11,241,6),(12,221,6),(13,4,6),(14,78,7),(15,112,7),(16,219,7),(17,32,7),(18,185,2),(19,13,8),(20,22,8),(21,166,8),(22,56,8),(23,81,8),(24,51,8),(25,59,8),(26,63,8),(27,232,9),(28,237,9),(29,240,9),(30,19,9),(31,29,9),(32,202,10),(33,137,10),(34,22,10),(35,232,10),(36,233,10),(37,237,10),(38,116,10),(39,240,10),(40,43,11),(41,38,11),(42,22,11),(43,105,11),(44,122,11),(45,28,11),(46,46,11),(47,22,12),(48,232,12),(49,233,12),(50,119,12),(51,19,12),(52,202,13),(53,137,13),(54,22,13),(55,232,13),(56,233,13),(57,237,13),(58,116,13),(59,240,13),(60,13,14),(61,171,14),(62,23,14),(63,19,14),(64,6,14),(65,22,14),(66,171,14),(67,233,14),(68,119,14),(69,19,14),(70,237,15),(71,191,15),(72,114,16),(73,237,16),(74,19,16),(75,4,16),(76,29,16),(77,89,17),(78,87,17),(79,233,17),(80,237,17),(81,88,17),(82,191,17),(83,185,17),(84,13,18),(85,237,18),(86,6,18),(87,29,18),(88,66,19),(89,92,19),(90,30,19),(91,240,19),(92,110,19),(93,29,19),(94,191,20),(95,43,21),(96,22,21),(97,66,21),(98,53,21),(99,233,21),(100,61,21),(101,23,21),(102,127,21),(103,19,21),(104,185,21),(105,112,22),(106,237,22),(107,185,22),(108,97,3),(109,82,3),(110,213,3),(111,233,3),(112,93,3),(113,51,3),(114,115,3),(115,214,14),(116,191,23),(117,191,24),(118,13,26),(119,12,26),(120,89,26),(121,125,26),(122,237,26),(123,5,26),(124,110,26),(125,237,27),(126,237,29),(127,83,30),(128,15,30),(129,237,30),(130,42,30),(131,6,30),(132,69,31),(133,237,31),(134,22,11),(135,232,11),(136,66,11),(137,233,11),(138,231,11),(139,116,11),(140,111,11),(141,115,11),(142,123,11),(143,84,11),(144,191,32),(145,191,33),(146,55,34),(147,54,34),(148,94,34),(149,116,34),(150,50,34),(151,31,34),(152,171,1),(153,237,35),(154,5,35),(155,92,36),(156,231,36),(157,6,36),(158,13,37),(159,117,37),(160,47,37),(161,191,37),(162,119,37),(163,162,37),(164,210,37),(165,14,37),(166,25,37),(167,232,38),(168,231,38),(169,5,39),(170,240,39),(171,4,39),(172,22,40),(173,6,40),(174,231,41),(175,22,44),(176,241,44),(177,231,44),(178,19,44),(179,4,44),(180,231,45),(181,202,46),(182,125,46),(183,94,46),(184,76,46),(185,18,46),(186,124,46),(187,127,46),(188,25,46),(189,191,47),(190,241,48),(191,166,48),(192,232,1),(193,159,1),(194,237,49),(195,231,49),(196,29,49),(197,171,50),(198,231,50),(199,237,51),(200,56,51),(201,231,51),(202,86,29),(203,13,29),(204,231,29),(205,231,25),(206,185,25),(207,237,53),(208,171,54),(209,30,55),(210,19,55),(211,191,42),(212,231,42),(213,191,58),(214,184,58),(215,186,29),(216,128,29),(217,189,29),(218,34,29),(219,127,29),(220,32,29),(221,126,29),(222,185,29),(223,232,59),(224,237,59),(225,185,59),(226,175,60),(227,46,61),(228,6,61),(229,191,62),(230,237,63),(231,166,63),(232,4,63),(233,38,64),(234,21,64),(235,6,64),(236,185,63),(237,54,65),(238,37,65),(239,197,65),(240,34,65),(241,32,65),(242,126,65),(243,46,65),(244,112,66),(245,12,66),(246,18,66),(247,115,66),(248,214,66),(249,110,66),(250,6,66),(251,46,66),(252,29,66),(253,237,67),(254,191,67),(255,230,68),(256,241,68),(257,191,69),(258,230,70),(259,241,70),(260,189,71),(261,19,71),(262,4,71),(263,185,71),(264,191,72),(265,50,5),(266,156,73),(267,191,74),(268,11,74),(269,240,74),(270,6,74),(271,165,75),(272,241,75),(273,237,76),(274,231,76),(275,237,77),(276,231,77),(277,48,61),(278,49,61),(279,18,61),(280,25,61),(281,175,80),(282,231,81),(283,185,81),(284,76,82),(285,237,82),(286,231,82),(287,241,83),(288,185,83),(289,13,84),(290,56,84),(291,217,84),(292,6,84),(293,227,84),(294,56,85),(295,175,14),(296,237,86),(297,191,87),(298,237,91),(299,48,92),(300,80,92),(301,139,92),(302,49,92),(303,138,92),(304,233,92),(305,18,92),(306,11,92),(307,79,92),(308,237,93),(309,66,94),(310,30,94),(311,19,94),(312,237,95),(313,185,96),(314,191,97),(315,241,98),(316,237,98),(317,48,99),(318,25,99),(319,140,100),(320,13,100),(321,15,100),(322,76,100),(323,116,100),(324,11,100),(325,21,100),(326,30,100),(327,6,100),(328,46,100),(329,191,24),(330,185,24),(331,191,103),(332,185,3),(333,48,66),(334,49,66),(335,193,66),(336,5,66),(337,7,107),(338,24,107),(339,219,107),(340,237,107),(341,56,107),(342,19,107),(343,4,107),(344,162,107),(345,192,108),(346,175,108),(347,24,109),(348,241,109),(349,56,109),(350,184,109),(351,19,109),(352,4,109),(353,24,110),(354,237,110),(355,65,110),(356,29,110),(357,237,111),(358,5,111),(359,4,111),(360,237,112),(361,36,112),(362,25,112),(363,137,113),(364,175,114),(365,185,106),(366,186,115),(367,189,115),(368,191,116),(369,186,117),(370,175,118),(371,186,47),(372,49,47),(373,241,47),(374,90,47),(375,85,47),(376,46,47),(377,6,47),(378,241,119),(379,185,119),(380,22,120),(381,241,120),(382,233,120),(383,185,120),(384,13,121),(385,19,122),(386,21,123),(387,19,123),(388,13,124),(389,237,124),(390,237,125),(391,166,125),(392,5,125),(393,4,125),(394,117,124),(395,237,124),(396,166,124),(397,116,124),(398,68,124),(399,185,124),(400,186,117),(401,231,61),(402,237,126),(403,241,127),(404,241,128),(405,189,129),(406,237,129),(407,185,129),(408,186,130),(409,231,130),(410,65,132),(411,57,132),(412,23,132),(413,16,133),(414,241,133),(415,6,133),(416,185,134),(417,237,136),(418,165,137),(419,214,138),(420,237,139),(421,14,140),(422,237,141),(423,4,141),(424,22,142),(425,233,142),(426,235,142),(427,4,142),(428,6,142),(429,29,142),(430,165,143),(431,241,143),(432,4,143),(433,189,144),(434,185,144),(435,36,64),(436,115,64),(437,110,64),(438,137,145),(439,237,145),(440,227,145),(441,241,146),(442,210,146),(443,112,147),(444,11,147),(445,185,147),(446,235,148),(447,119,148),(448,4,148),(449,48,149),(450,23,149),(451,21,149),(452,22,4),(453,5,4),(454,4,4),(455,237,150),(456,58,150),(457,19,150),(458,241,151),(459,231,151),(460,171,152),(461,230,152),(462,237,152),(463,4,152),(464,189,153),(465,230,154),(466,189,155),(467,231,156),(468,110,156),(469,4,156),(470,241,132),(471,189,157),(472,112,158),(473,184,158),(474,52,158),(475,231,44),(476,36,44),(477,23,44),(478,30,44),(479,29,44),(480,231,159),(481,13,160),(482,241,160),(483,42,160),(484,90,160),(485,116,160),(486,85,160),(487,127,160),(488,19,160),(489,79,160),(490,134,161),(491,13,161),(492,237,161),(493,23,161),(494,234,161),(495,46,161),(496,25,161),(497,241,162),(498,60,162),(499,237,162),(500,235,162),(501,5,162),(502,110,162),(503,227,162),(504,29,162),(505,24,162),(506,233,162),(507,65,162),(508,23,162),(509,52,162),(510,30,162),(511,4,162),(512,48,163),(513,13,163),(514,137,163),(515,12,163),(516,49,163),(517,18,163),(518,166,163),(519,126,163),(520,6,163),(521,172,164),(522,100,164),(523,126,164),(524,230,166),(525,237,166),(526,191,166),(527,4,166),(528,110,166),(529,241,167),(530,231,167),(531,173,168),(532,232,168),(533,210,168),(534,231,169),(535,5,169),(536,231,44),(537,106,44),(538,5,44),(539,241,167),(540,231,167),(541,230,170),(542,4,170),(543,29,170),(544,231,171),(545,36,171),(546,58,171),(547,110,171),(548,4,171),(549,29,171),(550,237,172),(551,231,172),(552,4,172),(553,230,112),(554,237,112),(555,237,172),(556,231,172),(557,4,172),(558,230,174),(559,237,174),(560,78,175),(561,12,175),(562,47,175),(563,4,175),(564,185,176),(565,189,177),(566,241,172),(567,185,172),(568,232,46),(569,78,178),(570,139,178),(571,138,178),(572,75,178),(573,185,178),(574,241,179),(575,185,179),(576,230,180),(577,237,182),(578,36,182),(579,51,182),(580,127,182),(581,237,183),(582,29,184),(583,27,185),(584,66,185),(585,241,185),(586,18,185),(587,23,185),(588,231,76),(589,231,57),(590,185,57),(591,29,57),(592,171,71),(593,230,64),(594,56,64),(595,54,187),(596,23,187),(597,51,187),(598,127,187),(599,30,187),(600,110,187),(601,46,187),(602,126,187),(603,29,187),(604,13,188),(605,54,188),(606,10,188),(607,45,188),(608,51,188),(609,127,188),(610,126,188),(611,141,188),(612,29,188),(613,171,170),(614,237,170),(615,191,170),(616,241,189),(617,237,189),(618,19,189),(619,5,190),(620,4,190),(621,185,191),(622,230,192),(623,191,192),(624,56,85),(625,189,82),(626,237,82),(627,185,82),(628,56,193),(629,189,196),(630,231,196),(631,29,196),(632,230,197),(633,191,198),(634,230,200),(635,237,200),(636,241,201),(637,237,113),(638,231,113),(639,172,204),(640,222,205),(641,140,207),(642,37,207),(643,237,207),(644,231,207),(645,68,207),(646,230,202),(647,241,202),(648,19,202),(649,237,59),(650,231,59),(651,29,59),(652,230,208),(653,230,209),(654,110,210),(655,116,211),(656,13,212),(657,36,212),(658,5,212),(659,38,213),(660,237,213),(661,185,213),(662,23,214),(663,30,214),(664,46,214),(665,241,215),(666,110,215),(667,185,215),(668,22,120),(669,241,120),(670,237,120),(671,185,120),(672,112,218),(673,231,218),(674,36,218),(675,30,218),(676,182,218),(677,156,219),(678,230,219),(679,241,219),(680,18,219),(681,11,219),(682,181,219),(683,78,220),(684,21,220),(685,63,220),(686,36,176),(687,6,176),(688,78,221),(689,19,221),(690,59,221),(691,6,221),(692,78,222),(693,76,222),(694,56,222),(695,21,222),(696,59,222),(697,4,222),(698,48,222),(699,13,222),(700,241,222),(701,18,222),(702,21,222),(703,11,222),(704,92,223),(705,56,223),(706,4,223),(707,230,48),(708,241,48),(709,185,224),(710,174,226),(711,137,227),(712,76,227),(713,231,227),(714,33,227),(715,19,227),(716,29,227),(717,189,29),(718,58,29),(719,185,29),(720,29,29),(721,171,229),(722,232,229),(723,237,229),(724,185,229),(725,232,1),(726,189,1),(727,237,1),(728,23,1),(729,191,230),(730,44,230),(731,234,230),(732,21,230),(733,30,230),(734,63,230),(735,185,230),(736,165,231),(737,237,231),(738,4,231),(739,185,230),(740,12,3),(741,241,3),(742,125,3),(743,52,3),(744,232,232),(745,230,232),(746,47,232),(747,158,232),(748,237,232),(749,46,232),(750,29,232),(751,13,233),(752,54,233),(753,171,233),(754,207,233),(755,237,233),(756,51,233),(757,29,233),(758,40,234),(759,29,234),(760,18,214),(761,237,214),(762,58,214),(763,6,214),(764,185,214),(765,29,214),(766,165,235),(767,237,235),(768,234,235),(769,23,235),(770,13,236),(771,76,236),(772,237,236),(773,59,236),(774,126,236),(775,189,237),(776,235,237),(777,4,237),(778,48,238),(779,112,238),(780,49,238),(781,217,238),(782,19,238),(783,49,239),(784,234,239),(785,99,240),(786,91,240),(787,29,240),(788,24,241),(789,165,241),(790,237,241),(791,25,241),(792,195,241),(793,13,242),(794,76,242),(795,137,243),(796,112,243),(797,48,112),(798,112,112),(799,49,112),(800,4,112),(801,110,112),(802,29,112),(803,171,244),(804,18,244),(805,233,244),(806,56,244),(807,36,244),(808,85,244),(809,6,244),(810,12,245),(811,241,245),(812,184,245),(813,54,246),(814,189,246),(815,231,246),(816,5,246),(817,51,246),(818,137,247),(819,171,247),(820,40,247),(821,125,247),(822,36,247),(823,235,247),(824,5,247),(825,19,247),(826,75,247),(827,181,247),(828,188,248),(829,220,248),(830,162,248),(831,156,249),(832,241,249),(833,231,249),(834,56,249),(835,182,249),(836,6,249),(837,165,250),(838,112,250),(839,49,250),(840,189,250),(841,241,250),(842,186,251),(843,185,251),(844,232,252),(845,92,252),(846,41,252),(847,46,252),(848,141,252),(849,185,252),(850,29,252),(851,191,253),(852,189,29),(853,237,29),(854,19,29),(855,26,29),(856,185,29),(857,185,254),(858,13,255),(859,241,255),(860,99,255),(861,18,255),(862,91,255),(863,11,255),(864,21,255),(865,237,256),(866,49,236),(867,237,236),(868,133,230),(869,107,230),(870,18,257),(871,56,257),(872,57,257),(873,11,257),(874,63,257),(875,185,257),(876,13,257),(877,80,257),(878,12,257),(879,40,257),(880,15,257),(881,127,257),(882,79,257),(883,6,257),(884,193,249),(885,241,249),(886,18,249),(887,231,249),(888,234,249),(889,35,249),(890,19,249),(891,4,249),(892,63,249),(893,241,27),(894,233,27),(895,231,27),(896,4,27),(897,126,27),(898,171,258),(899,185,258),(900,231,259),(901,36,259),(902,19,259),(903,227,259),(904,21,45),(905,19,45),(906,185,45),(907,186,247),(908,195,247),(909,4,261),(910,86,262),(911,80,262),(912,139,262),(913,83,262),(914,76,262),(915,79,262),(916,237,264),(917,19,265),(918,29,265),(919,112,266),(920,47,266),(921,5,266),(922,4,266),(923,202,267),(924,114,267),(925,80,267),(926,76,267),(927,233,267),(928,235,267),(929,57,267),(930,4,267),(931,79,267),(932,185,268),(933,112,196),(934,36,196),(935,119,196),(936,185,196),(937,24,269),(938,171,269),(939,18,269),(940,19,269),(941,229,269),(942,4,269),(943,29,269),(944,190,270),(945,202,271),(946,137,271),(947,233,271),(948,237,271),(949,217,271),(950,19,272),(951,185,272),(952,29,272),(953,19,273),(954,29,273),(955,37,274),(956,100,274),(957,58,274),(958,33,274),(959,241,174),(960,13,275),(961,112,275),(962,241,275),(963,110,275),(964,6,275),(965,231,155),(966,191,155),(967,29,155),(968,54,46),(969,241,46),(970,18,46),(971,51,46),(972,162,46),(973,175,276),(974,112,277),(975,5,277),(976,4,277),(977,110,277),(978,185,277),(979,25,277),(980,29,277),(981,139,278),(982,138,278),(983,94,278),(984,36,278),(985,127,278),(986,185,278),(987,80,279),(988,79,279),(989,56,280),(990,235,280),(991,5,280),(992,19,280),(993,4,280),(994,185,280),(995,186,113),(996,126,113),(997,78,143),(998,37,143),(999,100,143),(1000,237,143),(1001,36,143),(1002,63,143),(1003,6,143),(1004,232,281),(1005,191,281),(1006,162,281),(1007,185,281),(1008,135,282),(1009,185,282),(1010,29,282),(1011,13,283),(1012,137,283),(1013,139,283),(1014,136,283),(1015,138,283),(1016,241,283),(1017,50,283),(1018,232,259),(1019,231,259),(1020,231,284),(1021,233,285),(1022,56,285),(1023,57,285),(1024,19,285),(1025,185,285),(1026,202,286),(1027,171,286),(1028,69,287),(1029,68,287),(1030,110,287),(1031,59,287),(1032,6,287),(1033,56,288),(1034,219,289),(1035,232,289),(1036,210,289),(1037,137,290),(1038,221,290),(1039,237,290),(1040,126,290),(1041,29,290),(1042,185,291),(1043,237,292),(1044,75,292),(1045,185,292),(1046,185,293),(1047,171,92),(1048,232,92),(1049,163,92),(1050,109,294),(1051,191,294),(1052,52,294),(1053,162,294),(1054,185,294),(1055,29,294),(1056,12,295),(1057,125,295),(1058,76,295),(1059,36,295),(1060,63,295),(1061,231,296),(1062,241,297),(1063,231,297),(1064,237,299),(1065,137,300),(1066,138,300),(1067,72,300),(1068,76,300),(1069,174,301),(1070,241,301),(1071,231,301),(1072,240,302),(1073,240,303),(1074,30,304),(1075,25,304),(1076,29,304),(1077,241,305),(1078,185,306),(1079,185,196),(1080,191,308),(1081,184,308),(1082,237,308),(1083,13,309),(1084,237,309),(1085,36,309),(1086,234,309),(1087,186,310),(1088,54,311),(1089,92,311),(1090,18,311),(1091,10,311),(1092,6,311),(1093,191,192),(1094,78,312),(1095,185,312),(1096,5,313),(1097,4,313),(1098,230,314),(1099,191,314),(1100,171,88),(1101,58,288),(1102,185,288),(1103,235,142),(1104,185,142),(1105,78,86),(1106,241,86),(1107,6,86),(1108,232,316),(1109,78,317),(1110,83,317),(1111,241,317),(1112,184,317),(1113,13,318),(1114,54,318),(1115,185,318),(1116,25,318),(1117,185,319),(1118,237,320),(1119,214,320),(1120,162,321),(1121,232,32),(1122,19,322),(1123,214,322),(1124,78,323),(1125,231,323),(1126,165,324),(1127,241,324),(1128,6,162),(1129,191,324),(1130,175,326),(1131,36,57),(1132,185,57),(1133,186,328),(1134,186,329),(1135,203,330),(1136,186,20),(1137,220,20),(1138,137,13),(1139,233,13),(1140,237,13),(1141,19,13),(1142,241,331),(1143,185,331),(1144,186,329),(1145,185,332),(1146,29,332),(1147,237,333),(1148,186,329),(1149,191,329),(1150,186,20),(1151,232,20),(1152,186,334),(1153,185,334),(1154,29,334),(1155,231,335),(1156,185,335),(1157,231,159),(1158,138,336),(1159,241,336),(1160,231,336),(1161,4,336),(1162,231,337),(1163,241,338),(1164,230,135),(1165,241,135),(1166,237,135),(1167,4,135),(1168,241,339),(1169,233,339),(1170,237,339),(1171,19,339),(1172,4,339),(1173,156,340),(1174,227,340),(1175,185,341),(1176,173,342),(1177,185,342),(1178,78,102),(1179,4,102),(1180,6,343),(1181,241,344),(1182,185,344),(1183,49,345),(1184,185,346),(1185,230,348),(1186,241,348),(1187,230,349),(1188,241,349),(1189,231,350),(1190,191,350),(1191,19,350),(1192,231,82),(1193,232,351),(1194,157,351),(1195,232,352),(1196,241,352),(1197,231,352),(1198,231,353),(1199,184,354),(1200,4,354),(1201,186,355),(1202,191,355),(1203,165,356),(1204,237,356),(1205,191,356),(1206,4,25),(1207,29,25),(1208,237,357),(1209,185,357),(1210,233,88),(1211,36,88),(1212,234,88),(1213,112,358),(1214,119,358),(1215,189,359),(1216,5,359),(1217,19,359),(1218,4,359),(1219,237,221),(1220,90,221),(1221,6,221),(1222,29,221),(1223,192,248),(1224,38,248),(1225,220,248),(1226,184,248),(1227,29,248),(1228,192,360),(1229,237,360),(1230,165,361),(1231,184,361),(1232,38,362),(1233,40,362),(1234,231,362),(1235,19,362),(1236,185,362),(1237,13,363),(1238,18,363),(1239,237,363),(1240,191,363),(1241,36,363),(1242,184,363),(1243,11,363),(1244,237,364),(1245,185,365),(1246,13,366),(1247,49,366),(1248,171,366),(1249,237,366),(1250,6,366),(1251,12,367),(1252,171,367),(1253,213,367),(1254,237,367),(1255,191,367),(1256,116,367),(1257,184,367),(1258,19,367),(1259,4,367),(1260,67,368),(1261,231,368),(1262,191,368),(1263,21,368),(1264,19,368),(1265,4,368),(1266,29,368),(1267,139,369),(1268,37,369),(1269,138,369),(1270,6,369),(1271,43,370),(1272,40,370),(1273,127,370),(1274,19,370),(1275,165,91),(1276,112,91),(1277,36,91),(1278,156,135),(1279,237,135),(1280,224,135),(1281,206,135),(1282,219,371),(1283,171,371),(1284,191,371),(1285,210,371),(1286,178,372),(1287,47,372),(1288,5,372),(1289,175,373),(1290,134,221),(1291,140,221),(1292,30,61),(1293,185,61),(1294,165,374),(1295,237,374),(1296,231,374),(1297,191,374),(1298,4,374),(1299,185,374),(1300,89,375),(1301,99,375),(1302,237,375),(1303,166,375),(1304,56,375),(1305,4,375),(1306,230,376),(1307,56,376),(1308,5,376),(1309,4,376),(1310,38,377),(1311,185,377),(1312,231,34),(1313,30,34),(1314,181,34),(1315,46,34),(1316,222,34),(1317,171,379),(1318,222,379),(1319,112,380),(1320,137,380),(1321,165,380),(1322,125,380),(1323,166,380),(1324,120,380),(1325,184,380),(1326,241,381),(1327,231,381),(1328,21,381),(1329,19,381),(1330,213,382),(1331,214,382),(1332,54,258),(1333,60,258),(1334,234,258),(1335,45,258),(1336,51,258),(1337,30,258),(1338,19,258),(1339,110,258),(1340,5,383),(1341,4,383),(1342,231,241),(1343,67,384),(1344,224,385),(1345,231,386),(1346,231,387),(1347,232,388),(1348,185,388),(1349,171,365),(1350,189,365),(1351,49,389),(1352,66,389),(1353,233,389),(1354,116,389),(1355,23,389),(1356,85,389),(1357,45,389),(1358,19,389),(1359,46,389),(1360,5,383),(1361,4,383),(1362,202,394),(1363,226,394),(1364,76,394),(1365,237,394),(1366,231,394),(1367,56,394),(1368,166,394),(1369,6,394),(1370,29,394),(1371,134,221),(1372,140,221),(1373,40,221),(1374,237,221),(1375,6,221),(1376,56,396),(1377,5,396),(1378,4,396),(1379,13,320),(1380,165,320),(1381,12,320),(1382,92,320),(1383,15,320),(1384,18,320),(1385,240,320),(1386,11,320),(1387,4,320),(1388,110,320),(1389,6,320),(1390,56,400),(1391,140,161),(1392,241,161),(1393,42,161),(1394,57,161),(1395,5,161),(1396,4,161),(1397,185,161),(1398,29,161),(1399,241,404),(1400,231,404),(1401,237,405),(1402,19,405),(1403,185,406),(1404,185,57),(1405,185,408),(1406,13,408),(1407,112,408),(1408,5,408),(1409,4,408),(1410,6,408),(1411,185,408),(1412,185,410),(1413,176,57),(1414,231,57),(1415,231,196),(1416,19,196),(1417,231,411),(1418,56,411),(1419,134,221),(1420,140,221),(1421,171,221),(1422,219,221),(1423,232,221),(1424,230,221),(1425,237,221),(1426,128,412),(1427,6,412),(1428,29,412),(1429,165,308),(1430,237,308),(1431,56,308),(1432,19,308),(1433,13,413),(1434,66,413),(1435,241,413),(1436,100,413),(1437,237,413),(1438,240,413),(1439,29,413),(1440,235,414),(1441,240,414),(1442,4,414),(1443,59,414),(1444,29,414),(1445,175,415),(1446,237,416),(1447,4,416),(1448,46,416),(1449,29,416),(1450,237,418),(1451,191,418),(1452,162,418),(1453,237,421),(1454,186,423),(1455,191,423),(1456,30,424),(1457,19,424),(1458,185,424),(1459,22,425),(1460,171,425),(1461,237,425),(1462,19,425),(1463,229,425),(1464,13,426),(1465,234,426),(1466,11,426),(1467,104,426),(1468,29,426),(1469,194,25),(1470,54,25),(1471,186,25),(1472,18,25),(1473,237,25),(1474,209,25),(1475,78,25),(1476,13,25),(1477,165,25),(1478,16,25),(1479,92,25),(1480,116,25),(1481,184,25),(1482,51,25),(1483,79,25),(1484,75,25),(1485,237,427),(1486,231,427),(1487,4,427),(1488,48,428),(1489,137,428),(1490,49,428),(1491,184,428),(1492,37,429),(1493,36,429),(1494,111,429),(1495,231,430),(1496,231,431),(1497,191,431),(1498,235,432),(1499,4,432),(1500,175,423),(1501,237,435),(1502,4,435),(1503,46,435),(1504,29,435),(1505,237,436),(1506,191,436),(1507,162,436),(1508,114,437),(1509,57,437),(1510,19,437),(1511,237,438),(1512,67,439),(1513,231,439),(1514,175,439),(1515,184,437),(1516,19,437),(1517,78,416),(1518,138,416),(1519,191,416),(1520,43,442),(1521,185,442),(1522,29,442),(1523,237,443),(1524,19,443),(1525,185,443),(1526,230,444),(1527,237,444),(1528,186,335),(1529,231,335),(1530,192,445),(1531,174,445),(1532,237,445),(1533,240,445),(1534,241,446),(1535,191,446),(1536,240,446),(1537,28,446),(1538,29,446),(1539,189,29),(1540,231,29),(1541,232,447),(1542,163,447),(1543,213,448),(1544,231,449),(1545,185,449),(1546,237,450),(1547,184,450),(1548,186,451),(1549,45,451),(1550,241,452),(1551,19,452),(1552,185,452),(1553,241,249),(1554,231,249),(1555,56,249),(1556,19,249),(1557,4,249),(1558,237,453),(1559,4,453),(1560,186,262),(1561,231,262),(1562,56,454),(1563,166,454),(1564,19,454),(1565,4,454),(1566,185,454),(1567,237,456),(1568,184,456),(1569,241,432),(1570,237,432),(1571,231,432),(1572,231,262),(1573,186,457),(1574,231,457),(1575,19,457),(1576,112,458),(1577,237,458),(1578,231,458),(1579,184,307),(1580,174,459),(1581,191,459),(1582,206,128),(1583,137,157),(1584,99,157),(1585,100,157),(1586,185,157),(1587,38,460),(1588,50,460),(1589,185,460),(1590,175,92),(1591,231,461),(1592,4,462),(1593,175,92),(1594,56,463),(1595,231,463),(1596,4,463),(1597,161,464),(1598,241,464),(1599,4,464),(1600,237,465),(1601,116,465),(1602,54,466),(1603,241,466),(1604,237,466),(1605,5,466),(1606,51,466),(1607,4,466),(1608,46,466),(1609,78,463),(1610,43,463),(1611,12,463),(1612,19,463),(1613,25,463),(1614,185,468),(1615,232,421),(1616,241,61),(1617,231,61),(1618,175,469),(1619,232,470),(1620,241,470),(1621,231,470),(1622,241,471),(1623,230,472),(1624,241,472),(1625,38,473),(1626,87,473),(1627,88,473),(1628,50,473),(1629,232,421),(1630,78,474),(1631,24,474),(1632,231,474),(1633,4,474),(1634,37,476),(1635,185,476),(1636,67,478),(1637,110,478),(1638,4,478),(1639,13,479),(1640,241,479),(1641,92,479),(1642,231,479),(1643,241,432),(1644,231,432),(1645,59,432),(1646,25,432),(1647,165,477),(1648,186,477),(1649,232,480),(1650,175,481),(1651,175,482),(1652,38,483),(1653,186,484),(1654,216,484),(1655,228,484),(1656,231,484),(1657,195,484),(1658,230,485),(1659,237,485),(1660,231,486),(1661,231,487),(1662,29,487),(1663,231,20),(1664,29,20),(1665,232,489),(1666,50,490),(1667,240,490),(1668,186,20),(1669,231,20),(1670,191,20),(1671,230,58),(1672,175,492),(1673,231,494),(1674,29,494),(1675,232,496),(1676,237,497),(1677,184,497),(1678,54,498),(1679,233,498),(1680,234,498),(1681,14,498),(1682,46,498),(1683,192,499),(1684,4,499),(1685,241,500),(1686,191,500),(1687,4,500),(1688,195,500),(1689,90,501),(1690,184,501),(1691,5,501),(1692,4,501),(1693,6,501),(1694,116,502),(1695,184,502),(1696,19,502),(1697,54,503),(1698,47,503),(1699,184,503),(1700,29,503),(1701,241,504),(1702,56,504),(1703,131,504),(1704,19,504),(1705,29,504),(1706,237,497),(1707,241,504),(1708,56,504),(1709,131,504),(1710,19,504),(1711,29,504),(1712,19,505),(1713,185,505),(1714,175,506),(1715,235,507),(1716,5,507),(1717,4,507),(1718,6,507),(1719,29,507),(1720,233,508),(1721,6,508),(1722,92,509),(1723,18,509),(1724,36,509),(1725,56,509),(1726,5,509),(1727,185,509),(1728,237,510),(1729,90,510),(1730,6,510),(1731,29,510),(1732,175,511),(1733,192,360),(1734,237,360),(1735,237,512),(1736,231,513),(1737,191,513),(1738,202,514),(1739,185,514),(1740,241,515),(1741,185,516),(1742,18,518),(1743,237,518),(1744,184,518),(1745,85,518),(1746,18,519),(1747,237,519),(1748,191,519),(1749,184,519),(1750,85,519),(1751,175,520),(1752,13,281),(1753,241,281),(1754,91,281),(1755,165,522),(1756,230,524),(1757,220,524),(1758,213,524),(1759,237,524),(1760,5,524),(1761,167,524),(1762,4,524),(1763,231,525),(1764,126,525),(1765,185,525),(1766,241,526),(1767,189,526),(1768,185,526),(1769,219,527),(1770,19,527),(1771,185,527),(1772,165,528),(1773,232,528),(1774,241,528),(1775,185,528),(1776,165,529),(1777,241,529),(1778,52,529),(1779,46,529),(1780,192,530),(1781,241,530),(1782,237,530),(1783,165,532),(1784,241,532),(1785,185,532),(1786,165,533),(1787,12,534),(1788,92,534),(1789,125,534),(1790,18,534),(1791,6,534),(1792,185,534),(1793,165,535),(1794,237,535),(1795,191,356),(1796,13,536),(1797,37,536),(1798,241,537),(1799,237,537),(1800,19,538),(1801,233,539),(1802,4,539),(1803,185,539),(1804,237,541),(1805,191,542),(1806,162,542),(1807,185,543),(1808,46,544),(1809,14,544),(1810,186,530),(1811,237,530),(1812,237,545),(1813,191,545),(1814,5,545),(1815,4,545),(1816,185,545),(1817,185,546),(1818,13,547),(1819,165,547),(1820,112,547),(1821,241,547),(1822,18,547),(1823,46,547),(1824,25,547),(1825,192,548),(1826,237,548),(1827,192,549),(1828,237,549),(1829,185,549),(1830,237,550),(1831,186,551),(1832,232,552),(1833,56,553),(1834,19,553),(1835,185,553),(1836,241,554),(1837,19,554),(1838,185,554),(1839,165,555),(1840,237,554),(1841,19,554),(1842,185,554),(1843,29,554),(1844,185,556),(1845,237,530),(1846,195,530),(1847,237,557),(1848,192,259),(1849,162,259),(1850,185,259),(1851,192,558),(1852,237,558),(1853,162,558),(1854,185,558),(1855,234,559),(1856,29,559),(1857,237,560),(1858,24,561),(1859,138,561),(1860,135,561),(1861,57,561),(1862,237,560),(1863,5,560),(1864,237,562),(1865,237,530),(1866,195,530),(1867,237,563),(1868,14,563),(1869,46,563),(1870,137,564),(1871,241,564),(1872,35,564),(1873,29,566),(1874,116,567),(1875,237,568),(1876,4,568),(1877,29,569),(1878,29,568),(1879,13,570),(1880,112,570),(1881,14,570),(1882,186,530),(1883,237,571),(1884,4,571),(1885,185,8),(1886,21,547),(1887,4,547),(1888,19,572),(1889,4,572),(1890,185,572),(1891,241,573),(1892,185,573),(1893,165,574),(1894,241,574),(1895,237,574),(1896,231,574),(1897,241,575),(1898,110,575),(1899,227,575),(1900,241,576),(1901,166,576),(1902,19,576),(1903,4,576),(1904,165,577),(1905,241,577),(1906,4,577),(1907,7,578),(1908,18,578),(1909,237,578),(1910,19,578),(1911,6,578);

/*Table structure for table `grade` */

DROP TABLE IF EXISTS `grade`;

CREATE TABLE `grade` (
  `id` int(11) NOT NULL AUTO_INCREMENT,
  `gradeinfo` varchar(15) NOT NULL,
  PRIMARY KEY (`id`)
) ENGINE=InnoDB AUTO_INCREMENT=4 DEFAULT CHARSET=utf8;

/*Data for the table `grade` */

insert  into `grade`(`id`,`gradeinfo`) values (1,'DT51'),(2,'DT52'),(3,'DT53');

/*Table structure for table `indexes` */

DROP TABLE IF EXISTS `indexes`;

CREATE TABLE `indexes` (
  `id` int(11) NOT NULL AUTO_INCREMENT,
  `indexinfo` varchar(45) NOT NULL,
  `taglevel` int(11) NOT NULL DEFAULT '1',
  `indexclass` int(11) NOT NULL DEFAULT '1',
  `parent` int(11) NOT NULL DEFAULT '3',
  PRIMARY KEY (`id`)
) ENGINE=InnoDB AUTO_INCREMENT=242 DEFAULT CHARSET=utf8;

/*Data for the table `indexes` */

insert  into `indexes`(`id`,`indexinfo`,`taglevel`,`indexclass`,`parent`) values (1,'技术',0,3,0),(2,'面试',0,3,0),(3,'其他',0,3,0),(4,'框架',1,1,1),(5,'ssm',1,1,4),(6,'springmvc',1,1,4),(7,'easyui',1,1,4),(8,'核心控制器',1,1,4),(9,'angularjs',1,1,4),(10,'mapper',1,1,4),(11,'hibernate',1,1,4),(12,'配置',1,1,4),(13,'spring',1,2,4),(14,'springboot',1,1,4),(15,'struts',1,2,4),(16,'struts2',1,1,4),(17,'bootstrap',1,1,4),(18,'mybatis',1,1,4),(19,'数据库',1,2,1),(20,'控制事务',1,1,19),(21,'数据库优化',1,1,19),(22,'oracle',1,1,19),(23,'mysql',1,1,19),(24,'存储过程',1,1,19),(25,'事务',1,1,19),(26,'分区',1,1,19),(27,'sqlserver',1,1,19),(28,'sql注入',1,1,19),(29,'sql',1,2,19),(30,'索引',1,1,19),(31,'读写分离',1,1,19),(32,'悲观锁',1,1,19),(33,'jdbc',1,1,19),(34,'乐观锁',1,1,19),(35,'加密',1,1,19),(36,'多线程',1,1,1),(37,'线程',1,1,36),(38,'算法',1,1,1),(39,'快速排序',1,1,38),(40,'冒泡排序',1,1,38),(41,'插入排序',1,1,38),(42,'遍历',1,1,38),(43,'排序',1,1,38),(44,'插件',1,1,1),(45,'poi',1,1,44),(46,'redis',1,1,44),(47,'maven',1,1,44),(48,'权限',1,1,1),(49,'shiro',1,1,48),(50,'思想',1,1,1),(51,'ioc',1,1,50),(52,'mvc',1,1,50),(53,'分层',1,1,50),(54,'aop',1,1,50),(55,'oop',1,1,50),(56,'前端',1,1,1),(57,'js',1,2,56),(58,'http',1,1,56),(59,'ajax',1,1,56),(60,'jq',1,2,56),(61,'正则表达式',1,1,56),(62,'javaScript',1,1,56),(63,'jquery',1,1,56),(64,'脚本',1,1,56),(65,'函数',1,1,56),(66,'分页',1,1,56),(67,'java高级',1,1,1),(68,'arraylist',1,1,67),(69,'linkedlist',1,1,67),(70,'指针',1,1,67),(71,'字节',1,2,67),(72,'字符',1,2,67),(73,'字节流',1,1,67),(74,'字符流',1,1,67),(75,'异常',1,1,67),(76,'io',1,2,67),(77,'dao',1,1,67),(78,'集合',1,1,67),(79,'hashmap',1,1,67),(80,'hashtable',1,1,67),(81,'api',1,1,67),(82,'debug',1,1,67),(83,'set',1,1,67),(84,'读写',1,2,67),(85,'标签',1,1,67),(86,'equal',1,1,67),(87,'堆',1,1,67),(88,'栈',1,1,67),(89,'web',1,2,1),(90,'json',1,1,89),(91,'内置对象',1,1,89),(92,'注解',1,1,89),(93,'拦截器',1,1,89),(94,'session',1,1,89),(95,'application',1,1,89),(96,'作用域',1,1,89),(97,'过滤器',1,1,89),(98,'异步',1,1,89),(99,'jsp',1,1,89),(100,'servlet',1,1,89),(102,'计算机基础',1,1,1),(103,'十六进制',1,1,102),(104,'二级缓存',1,1,102),(105,'二叉树',1,1,102),(106,'链表',1,1,102),(107,'二进制',1,1,102),(108,'一级缓存',1,1,102),(109,'架构',1,1,1),(110,'分布式',1,1,109),(111,'消息队列',1,1,109),(112,'高并发',1,1,109),(113,'服务器共享',1,1,109),(114,'微服务',1,1,109),(115,'集群',1,1,109),(116,'服务器',1,1,1),(117,'tomcat',1,1,116),(119,'webservice',1,1,3),(120,'定时器',1,1,3),(121,'定时任务',1,1,3),(122,'weblogic',1,1,3),(123,'日志',1,1,3),(124,'解析',1,1,3),(125,'xml',1,1,3),(126,'设计模式',1,1,1),(127,'单例',1,1,126),(128,'工厂',1,1,126),(129,'java初级',1,1,1),(130,'math',1,1,129),(131,'循环',1,1,129),(132,'基本数据类型',1,1,129),(133,'short',1,1,129),(134,'jvm',1,1,129),(135,'字符串',1,1,129),(136,'抽象类',1,1,129),(137,'接口',1,1,129),(138,'string',1,2,129),(139,'stringbuffer',1,1,129),(140,'jdk',1,1,129),(141,'int',1,1,129),(155,'人员要求',1,0,2),(156,'查证',1,1,155),(157,'本科',1,1,155),(158,'专科',1,1,155),(159,'应届生',1,1,155),(160,'离职证明',1,1,155),(161,'大学课程',1,1,155),(162,'离职',1,1,155),(163,'学信网',1,1,155),(164,'毕业证',1,1,155),(165,'经验',1,1,155),(166,'后台',1,1,155),(167,'项目组长',1,1,155),(168,'高级工程师',1,1,155),(169,'社保',1,1,155),(170,'公司类型',1,0,2),(171,'外包',1,1,170),(172,'外派',1,1,170),(173,'上市',1,1,170),(174,'创业',1,1,170),(175,'培训机构',1,1,170),(176,'自主',1,1,170),(177,'公司规模',1,0,2),(178,'规模较大',1,1,177),(179,'规模不大',1,1,177),(180,'30人',1,1,177),(181,'50人',1,1,177),(182,'100人',1,1,177),(183,'面试类型',1,0,2),(184,'没有笔试',1,1,183),(185,'笔试',1,2,183),(186,'复试',1,1,183),(188,'语言',1,1,183),(189,'机试',1,1,183),(190,'电话面试',1,1,183),(191,'人事',1,1,183),(192,'自我介绍',1,1,183),(193,'登录',1,1,183),(194,'期望薪资',1,1,183),(195,'规划',1,1,183),(196,'公司构成',1,1,183),(197,'新技术',1,1,183),(198,'解决问题',1,1,183),(199,'发现问题',1,1,183),(200,'处理问题',1,1,183),(201,'业务类型',1,0,2),(202,'app',1,1,201),(203,'政府',1,1,201),(204,'建行',1,1,201),(205,'论坛',1,1,201),(206,'维护',1,1,201),(207,'华为',1,1,201),(208,'中兴',1,1,201),(209,'仓库',1,1,201),(210,'出差',1,1,201),(211,'百果园',1,1,201),(212,'海关',1,1,201),(213,'软件',1,1,201),(214,'工程',1,1,201),(215,'联泰',1,1,201),(216,'证券',1,1,201),(217,'微信',1,1,201),(218,'软通',1,1,201),(219,'银行',1,1,201),(220,'医疗',1,1,201),(221,'物流',1,1,201),(222,'电商',1,1,201),(223,'旅游',1,1,201),(224,'建材',1,1,201),(225,'b2b',3,2,200),(226,'教育',1,1,201),(227,'金融',1,1,201),(228,'股票',1,1,201),(229,'平安',1,1,201),(230,'没笔试',1,1,183),(231,'有笔试',1,1,183),(232,'查学历',1,2,155),(233,'linux',1,1,102),(234,'缓存',1,1,67),(235,'ssh',1,1,4),(236,'没查学历',1,1,155),(237,'项目',1,2,183),(238,'正则',1,2,67),(240,'无笔试',1,1,183),(241,'问项目',1,1,183);

/*Table structure for table `originaldata` */

DROP TABLE IF EXISTS `originaldata`;

CREATE TABLE `originaldata` (
  `id` int(11) NOT NULL AUTO_INCREMENT,
  `companyname` varchar(45) NOT NULL,
  `companyinfo` text,
  `areainfo` varchar(15) NOT NULL,
  `companyemail` varchar(45) DEFAULT NULL,
  `otherinfo` varchar(45) DEFAULT NULL,
  PRIMARY KEY (`id`)
) ENGINE=InnoDB AUTO_INCREMENT=758 DEFAULT CHARSET=utf8;

/*Data for the table `originaldata` */

insert  into `originaldata`(`id`,`companyname`,`companyinfo`,`areainfo`,`companyemail`,`otherinfo`) values (1,'新创宏电子有限公司','查学历，门都不让进','深圳','null','1'),(2,'深圳市云帮互联网科技有限公司','小公司，门口面试，不建议去笔试','深圳','null','1'),(3,'中软国际','1.Jquery选择器有几种分别是什么\n2.多线程的几种状态\n3.缓存的实现方法\n4.maven的一些功能实现','深圳','null','1'),(4,'软通动力','1.主要问项目\n2.问ssm框架描述\n3.equal和＝区别','深圳','null','1'),(5,'恩赐云信息科技有限公司','没去','深圳','null','1'),(6,'瑞特信息技术有限公司深圳分公司','1.对平时学的技术没有什么问\n2.一来就问项目，问的比较深\n3.问订单里面的内容怎么添加和删除\n4.问对物流模块的了解，\n5.java8的新特性，\n6.有用新的框架技术吗？','深圳','null','1'),(7,'广富宝公司','银行打交道\n1.有一套小的面试题，比较简单\n2.多个人同时操作同一账号存取问题，2复杂角色该实现，\n3.list集合里面删除一个数据然后还是存在怎么办\n4，高并发解决，\n5，多个客户端只能登陆一个账号，悲观锁和乐观,锁','深圳','null','1'),(8,'深圳市云帮互联网科技有限公司','小公司，门口面试，不建议去笔试','深圳','null','1'),(9,'北京思特奇信息技术股份有限公司-深圳分公司','1.对spring的理解？\n2.ioc作用了解oracle吗？\n3.jquery ajax api的问题ajax通过什么提交给后台？\n4.上家公司什么情况？\n5.前端后台都是一个人做的吗？\n6.你所熟悉的技能','深圳','null','1'),(10,'中传文化科技有限公司','不查学历，无笔试\n1数据库建表注意哪些问题 \n  2。项目的工作流程\n 3.当系统运行缓慢时怎么解决\n4.NOsql 相关知识','深圳','null','1'),(11,'中城视通科技股份有限公司','1，Linux上部署oracle\n 2 .项目如何发布到服务器。\n3.手机app上接口如何调用不查学历，无笔试','深圳','null','1'),(12,'深圳市金政软件技术有限公司','1.队列问题。\n2.redis相关问题。\n3.oracle是否了解。\n4.weblogic 5.sql注入\n 6.二叉树的排序算法问到学历有面试题，','深圳','null','1'),(13,'深圳市警视通实业有限公司','1.数据库外键约束有哪几种 2问到oracle、webservice、linux相关知识无面试题，不查学历','深圳','null','1'),(14,'深圳市云帮互联网科技有限公司','比较坑不建议去','深圳','null','1'),(15,'深圳中城视通营销咨询有限公司','1，Linux上部署oracle \n2 .项目如何发布到服务器。\n3.手机app上接口如何调用不查学历，无笔试，要求马上上岗','深圳','null','1'),(16,'慧极软件技术有限公司','1.spring的原理 2.springmvc的工作原理3.mysql的底层代码4.mysql的底层原理外包，数据库问的多','深圳','null','1'),(17,'慧极软件技术有限公司','1.数据库外键约束有哪几种 2问到oracle、webservice、linux相关知识外包，数据库问的多','深圳','null','1'),(18,'一叶知秋网络科技有限公司','项目详情，加班问题，薪资组成人事面试','深圳','null','1'),(19,'微品致远信息科技有限公司','问sql语句的内容比较多，项目细节的实现，项目数据库的设计，招中级java开发，问了点框架，微服务开发，公司主要想招个会新框架的开发，问了框架的内容\n技术面试','深圳','null','1'),(20,'上海易宝（华为外包）','java8新特性有哪些，堆栈区别，a=a+b，a+=b有什么区别，linux如何定时查询占用内存资源，以及一些linux命令。web项目中的并发处理方案。另外就是说项目没什么亮点，用的技术都很普通。\n人事面试  笔试','深圳','null','1'),(21,'聚诚网络科技有限公司','1.spring理解 \n2.springMvc理解\n3.项目讲解\n4.sql相关问题\n5.项目亮点、难点、怎么解决','深圳','null','1'),(22,'卓想物联','1.sql 优化，分页\n2.分布式\n3.索引\n4.mybaits注解无笔试','深圳','null','1'),(23,'深圳市坐标软件开发有限公司','无技术面试，有面试题，然后人事面试','深圳','null','1'),(24,'深圳市览众科技股份有限公司','1.你对单例模式的理解？写一个单例模式\n2.数据库分层？\n3.数据分组，排序\n4.会不会Oracle\n5.说出一个正则表达式\n6.MySQL分页查询\n7.Linux系统简单操作命里说几个？\n笔试题量大难度低','深圳','null','1'),(25,'金瑞龙互联网金融服务有限公司','1.高并发解决方案 2.DB优化 3.项目相关 未进行笔试','深圳','null','1'),(26,'中软国际','1.ioc 是怎么实现的？ioc源码\n2.sevlet 和拦截器、过滤器区别\n3.怎么实现集群\n4.会不会linux\n5.软件开发模式\n6.开发中怎么记录debug','深圳','null','1'),(27,'慧极软件技术有限公司','找中级开发工程师','深圳','null','1'),(28,'慧极软件技术有限公司','跟前一天颜硕问的一样','深圳','null','1'),(29,'如恋信息科技有限公司','人事面试失误  之前工作地点说错了','深圳','null','1'),(30,'和美信息科技有限公司','人事面试后等通知','深圳','null','1'),(31,'深圳四方精创资讯股份有限公司 ','邮件的地址错误','深圳','null','1'),(32,'深圳市蔚蓝寻策科技有限公司','新公司 Ssm理解  源代码是否研究 项目逻 Web.xml的配置  详细了解 Sprig的配置 Spring的过滤级别 增删改查用的时间 分布式','深圳','null','1'),(33,'深圳市中瑞科电子有限公司','上手项目 接触过电子通讯行业没','深圳','null','1'),(34,'深圳罗马盛世科技有限公司','培训','深圳','null','1'),(35,'深圳市同城快跑科技有限公司 ','谈项目，负责哪些模块，页面怎么设计的','深圳','null','1'),(36,'众诚品业科技公司','1、springmvc和struts的区别。\n2、list和set区别，以及解释数据为什么可以重复和不可重复。\n3、map怎么遍历。\n4、谈项目，负责哪些模块，页面怎么设计的','深圳','null','1'),(37,'蓝凌软件科技有限公司','三个面试 项目找亮点找不出来\n1、Arrarylist 和linkedlist区别 \n2、怎么安全变不安全','深圳','null','1'),(38,'金政软件技术有限公司','1Linux 搭建服务器集群\n2.消息队列\n3. 日志的读写\n4.oracle 分页关键字不查学历，有笔试','深圳','null','1'),(39,'深圳策维科技有限公司','人事没过','深圳','null','1'),(40,'广州穿越医疗科技有限公司','人事没过','深圳','null','1'),(41,'深圳市百果互动科技有限公司','1session多服务器共享\n2 怎么实现读写分离\n3 aop作用哪个模块\n4.oop思想写个小程序','深圳','null','1'),(42,'新创宏电子有限公司','不建议去，人力外包','深圳','null','1'),(43,'维恩贝特科技有限公司','1.ssm的理解\n2.对mbaits 的理解\n3.介绍项目','深圳','null','1'),(44,'深圳市星品优汇电子商务有限公司','1 springmvc理解\n2.常用注解 有笔试\n3.多表查询','深圳','null','1'),(45,'华腾软件','1.离职原因，加班看法，出差怎么看\n2.webservice springboot\ntomcat,maven直接一个人事带问技术题\n4对spring 理解 ，事务处理有没有用过','深圳','null','1'),(46,'明天早上投简历','基础问题查学历，有笔试','深圳','null','1'),(47,'同鑫科技有限公司','问通信相关，公司用ssm框架，需要硬件相关知识无笔试','深圳','null','1'),(48,'东蒲科技有限公司','1，springmvc 怎么实现一个请求对应一个controller\n2 javaScript的闭包\n3 .oracle 怎么实现自增长','深圳','null','1'),(49,'深圳四方精创科技有限公司','有笔试','深圳','null','1'),(50,'深圳永兴元创科技有限公司','不想去','深圳','null','1'),(51,'三维科技有限公司','没去','深圳','null','1'),(52,'深圳无线便利互联网科技有限公司','1、问项目，没有核心，过于简单\n2、谈谈Oracle数据库\n3、最熟悉的框架有笔试','深圳','null','1'),(53,'深圳市聚诚网络科技有限公司','有笔试，比较难，不建议去','深圳','null','1'),(54,'新四方精创科技有限公司','1.xml 解析方式有几种\n2.session 和application区别\n3.mybatis 怎么管理事务\n4.手写单例模式','深圳','null','1'),(55,'深圳和美','人事没见到技术','深圳','null','1'),(56,'深圳如恋信息科技有限公司','小公司急招人，后台开发只有两个人，详细问项目，以及你负责的功能模块，不推荐去','深圳','null','1'),(57,'新创宏电子有限公司','门口查学历，不要应届生','深圳','null','1'),(58,'深圳华和商通科技有限公司','小公司    项目流程  很多sql语句的使用有笔试','深圳','null','1'),(59,'北京沐融信息科技有限公司','外包公司有笔试','深圳','null','1'),(60,'明动信息技术','具体说一下项目流程，然后项目具体负责人设，前端与开发怎么交互数据，事物处理用什么技术，项目出现bug由谁负责有笔试','深圳','null','1'),(61,'深圳市惟有信息技术有限公司','做了一份面试题，有二十四道简答题，做完面试题后说给经理看了等通知，不建议去，公司比较小','深圳','null','1'),(62,'深圳市同城快跑科技有限公司 ','问了object类里面为什么有equal，spring容器是干什么用的，里面有什么东西，对象怎么创建的，有一套面试题有笔试','深圳','null','1'),(63,'深圳四方精创资讯股份有限公司 ','笔试题有笔试','深圳','null','1'),(64,'彩奕奕软件有限公司','项目  java基础问题   小公司','深圳','null','1'),(65,'云帮科技','坑的外包公司 ，不建议','深圳','null','1'),(66,'东莞银讯网络支付有限公司','1、数据库的触发器\n2、怎么创建索引','深圳','null','1'),(67,'东莞市天使健康信息','分组查询','深圳','null','1'),(68,'深圳永兴元创科技有限公司','人事面试，上家公司状况。有笔试，公司100多人','深圳','null','1'),(69,'两步路信息技术有限公司','没去','深圳','null','1'),(70,'跨越速运集团','人事问题。上家公司运营模式没有笔试','深圳','null','1'),(71,'深圳市同城快跑科技有限公司','（笔试题大概内容）\n1、类加载的三种方式\n2、class.forname作用\n3、悲观锁和乐观锁的区别\n4、多表查询\n5、写一种设计模式，除了工厂，单例模式笔试+机试，完了等通知复试','深圳','null','1'),(72,'英迈思','1、谈项目\n2、讲笔试题\n3、问底层笔试+面试（说是查学历）','深圳','null','1'),(73,'快易购科技有限公司','培训机构','深圳','null','1'),(74,'中科软科技股份有限公司','1、redis使用在哪个场景？\n2、javascript的dom对象是什么，有什么用？\n3、springMVC的工作流程？','深圳','null','1'),(75,'深圳佳盟建设工程有限公司','人事面试后等通知','深圳','null','1'),(76,'亿腾信息技术有限公司','要求中高级三到五年，项目需求分析，解决方案，后台底层数据怎么到前台，前台使用哪些框架？Java基础库的使用和了解，java开发中用到的工具','深圳','null','1'),(77,'浩瀚星河','数据库优化 Springmvc工作原理 递归算法','深圳','null','1'),(78,'亿腾信息技术有限公司','有一套面试题，做完面试，笔试从头问到尾','深圳','null','1'),(79,'永兴元','问了下测试','深圳','null','1'),(80,'q房网','悲观锁乐观锁是什么。java8新特性，aop怎么使用的，你知道的设计模式，适配器模式，装饰模式分别解释一下。redis 有哪几种数据类型，本地线程是什么。了解哪些新技术。','深圳','null','1'),(81,'微品致远信息科技有限公司','没去','深圳','null','1'),(82,'深圳融行通互联网金融服务有限公司','mybatis反向工程，log4j怎么配置的，属性配置文件里有哪些内容，springmvc工作原理，手写sql，问了下redis集群是什么？什么是高并发，怎么使用分布式','深圳','null','1'),(83,'上海美嘉林软件科技股份有限公司','谈项目  问的基础   人事问前任公司出了问题','深圳','null','1'),(84,'深圳中民电商控股有限公司','主要问项目，没笔试','深圳','null','1'),(85,'深圳市青铜器软件系统有限公司','实施的人事问题','深圳','null','1'),(86,'小猫信息','主要问项目，没笔试','深圳','null','1'),(87,'成都天用唯勤','笔试题 手机写   急招人 机试  搭建框架 做数据库的增删改查','深圳','null','1'),(88,'深圳迈集网络科技有限公司','一些人事问题公司小技术要求高','深圳','null','1'),(89,'恩赐云信息科技有限公司','谈思想','深圳','null','1'),(90,'兆航物流','要查证。招高级','深圳','null','1'),(91,'小猫信息','没见着','深圳','null','1'),(92,'深圳市中兴长天信息技术有限公司','1、问springmvc hibernate \n2、工作原理无笔试，直接人事','深圳','null','1'),(93,'法本信息科技股份有限公司','主要问项目   对学历和工作经验要求比较严','深圳','null','1'),(94,'梦网荣信科技集团股份有限公司','讲项目有笔试','深圳','null','1'),(95,'深圳青铜器软件系统有限公司','讲项目，问上家公司情况有笔试','深圳','null','1'),(96,'三维天地有限公司深圳分公司','','深圳','null','1'),(97,'金智教育','','深圳','null','1'),(98,'中科软科技股份有限公司','1、mybatis的事务回滚机制\n2、shiro权限控制到按钮','深圳','null','1'),(99,'惠极','培训机构','深圳','null','1'),(100,'深圳翰尔德智能科技有限公司','1.面试没问技术，就聊了笔试题做的情况后问薪资有笔试','深圳','null','1'),(101,'上海美嘉林有限公司','1.讲项目\n2.问IO流有笔试','深圳','null','1'),(102,'上海通善互联网有限公司','1.问项目笔试，视频面试','深圳','null','1'),(103,'睿世达科技有限公司','问了springmvc与spring的区别，前端的一些东西，主要做微信公众号开发和金融产品','深圳','null','1'),(104,'日月元科技(深圳)有限公司','招的前端，没什么说的','深圳','null','1'),(105,'慧极','培训机构没去','深圳','null','1'),(106,'小猫科技','谈项目，介绍自己做的模块，有没有参与文档设计，自己会不会写需求文档。','深圳','null','1'),(107,'深圳坐标科技有限公司','人事问题','深圳','null','1'),(108,'深圳市杰迈科技有限公司','短信通知面试，地址不详细，没留电话，没找到地方','深圳','null','1'),(109,'上海通善互联网金融信息服务有限公司','','深圳','null','1'),(110,'深圳市海和科技股份有限公司','','深圳','null','1'),(111,'深圳市普特生物医学工程有限公司','讲项目','深圳','null','1'),(112,'深圳市知领互联信息有限公司','shiro权限用到那个级别了，linux的常见命令，hashmap和\nhashtable的区别，string和stringbuffer的区别，\nhibernate和mybatis的区别','深圳','null','1'),(113,'深圳市卓讯信息技术有限公司','小公司  项目流程  所有简历上的知识都问','深圳','null','1'),(114,'中地软件工程有限公司','问了数据库的分页 建索引  mybits的功能 对地理的了解  还有对mapgis的了解','深圳','null','1'),(115,'点点趣有限公司','小公司  项目流程  所有简历上的知识都问','深圳','null','1'),(116,'睿世达信息科技','笔试题  css样式','深圳','null','1'),(117,'上海金雷科技有限公司','电话人事面试','深圳','null','1'),(118,'傲业科技','问项目，做医药自己的项目','深圳','null','1'),(119,'工蜂网络','权限 事务','深圳','null','1'),(120,'深圳小辣椒科技有限责任公司','hibernate的核心？struts的核心？spring的核心，springmvc的核心，h和m的区别？struts工作原理，数据库优化，两张表，子表一个字段用了索引但是里面有空数据，如果用这个索引能查null数据吗？union和union or的区别？用过redis吗？用过其他什么服务器没？jdk1.8新特性？','深圳','null','1'),(121,'深圳佳得盛集团有限公司','简历不匹配','深圳','null','1'),(122,'和美信息科技有限公司','笔试 人事面试 问了上家公司  明天面试技术','深圳','null','1'),(123,'世联行','没去','深圳','null','1'),(124,'腾邦国际','人事加技术面试  二分法  技术要求不高 业务要自己跑','深圳','null','1'),(125,'科陆电子','去了被放鸽子  没见到人','深圳','null','1'),(126,'中软国际','笔试题做了一上午  下午人太多直接去了下一家','深圳','null','1'),(127,'融行通互联网金融服务有限公司','平均值查询  shiro权限管理 和登录是不是同一个账号 ssm查询字段流程  查询字段的类怎么创建  三个售票窗口系统的思路','深圳','null','1'),(128,'深圳市智志高新科技开发有限公司','没找到地方回来了','深圳','null','1'),(129,'筑龙','问了面试题上面的，感觉没戏，等通知','深圳','null','1'),(130,'羽实萧恩','问了为什么从上一家离职，问了数据库where和havng的区别，问了一下项目，期望公司多少，9000。7000搞不搞，我说公司用什么框架，然后就银行经理面试，问了会不会运维，前端技术，easyui框架，然后orlea的存储过程会不会。然后就等通知','深圳','null','1'),(131,'万普瑞斯','找了半天才找到地方，自我介绍完问我是不是培训机构出来，然后问大学学了什么课程，然后问表格怎么导入导出，还问了其他一些坑爹的问题','深圳','null','1'),(132,'中控智慧科技股份有限公司','没有笔试，1问前端框架2问项目；3数据库；4存储过程','深圳','null','1'),(133,'深圳航通智能科技股份有限公司','1项目；2看简历一个一个知识点问；3存储过程；4sql函数','深圳','null','1'),(134,'金证前海金融科技有限公司','SSM框架运行原理  项目介绍','深圳','null','1'),(135,'金蝶软件园','项目介绍对大数据的研究事务处理多线程同步代码实现。\nSleep()参数','深圳','null','1'),(136,'深圳收银家信息技术有限公司','要求会写支付接口','深圳','null','1'),(137,'起航创信电子','培训机构','深圳','null','1'),(138,'筑龙','笔试，技术 等消息','深圳','null','1'),(139,'迈科龙','机试 明天复试','深圳','null','1'),(140,'兴海物联','技术人事各两轮 还有经理老板面试 时间不够面了两轮，让周五等通知','深圳','null','1'),(141,'深圳华南通汽车租赁有限公司','问的比较浅，明天去复试','深圳','null','1'),(142,'星乐软件','培训机构','深圳','null','1'),(143,'深圳和美','复试，问项目，redis怎么存放数据，shiro标签用到了哪些，以及url安全问题怎么解决，springmvc里的数据怎么变成json类型。','深圳','null','1'),(144,'康宏信息咨询','笔试题  问项目 公司开发都是新人 要表现学习能力','深圳','null','1'),(145,'税友软件集团','笔试题  问项目 需要熟悉oracle 和Linux','深圳','null','1'),(146,'讯停智能停车','做了一套面试题，技术面试问了spring里面的东西','深圳','null','1'),(147,'长城网科技有限公司','问的大多数是数据库建表问题','深圳','null','1'),(148,'声联网科技有限公司','数据库引擎 ，数据库优化，数据库主从','深圳','null','1'),(149,'柠檬智慧科技股份有限公司','讲项目 问spring原理','深圳','null','1'),(150,'汇美影像文化股份有限公司','讲项目 问ssm 问其他后台框架','深圳','null','1'),(151,'柠檬智慧科技股份有限公司','笔试，三张全是简答题，技术面试：画一下arraylist数据结构，给你三台服务器，怎么部署。nginx和tomcat怎么建立连接的。不建议去，要两个人负责一个项目，前台到后台到部署都要会。','深圳','null','1'),(152,'深圳华南通汽车租赁有限公司','复试之后依然等通知','深圳','null','1'),(153,'中科软科技股份有限公司','有笔试，问底层，问源码','深圳','null','1'),(154,'中海湾','没怎么聊，公司小，聊了下项目中自己做了什么，问题问得少','深圳','null','1'),(155,'锐特信息公司人力资源部','问项目，什么都问','深圳','null','1'),(156,'  深圳市中兴合众管理有限公司','问项目','深圳','null','1'),(157,'迈集网路科技有限公司','笔试  机试 \r问技术 \r讲项目 \r问朝什么方向发展','深圳','null','1'),(158,'赛古网络信息技术有限公司','有笔试 等复试消息','深圳','null','1'),(159,'广湛雄网络科技有限公司','','深圳','null','1'),(160,'深圳航通智能技术有限公司','mysql触发器，存储函数，js对象','深圳','null','1'),(161,'深圳星乐软件有限公司','问项目，springmvc struts2','深圳','null','1'),(162,'北京普信咨询有限公司','做了笔试回去等通知','深圳','null','1'),(163,'卓宝集团','问技术，面试通过','深圳','null','1'),(164,'深圳崇德动漫股份有限公司','要求能独立开发一个项目，只招一个大牛','深圳','null','1'),(165,'深圳念念信息技术有限公司','招高级，要求5年开发经验','深圳','null','1'),(166,'一洽软件','招售前售后技术支持工程师','深圳','null','1'),(167,'深圳莱尚科技有限公司','上家公司情况，讲项目流程','深圳','null','1'),(168,'深圳市腾达智能科技有限公司','springboot， 如何实现单点登陆','深圳','null','1'),(169,'浪潮科技','底层框架代码 ，Java基础，项目流程','深圳','null','1'),(170,'飞耶科技','ssh框架深度理解，springmvc流程，\nsql优化，oracle,linux','深圳','null','1'),(171,'科陆电子（法本外包）','问项目，问运维经验，框架理解','深圳','null','1'),(172,'乐乐信信息科技有限公司','笔试机试','深圳','null','1'),(173,'浩瀚星河','多线程，分布式，集群','深圳','null','1'),(174,'稳通金融服务有限公司','要求做过金融项目，会支付接口','深圳','null','1'),(175,'优讯信息科技','要出差，问项目详细情况，上家公司人员配备','深圳','null','1'),(176,'中软创新信息系统有限公司','sping ,hibernate ,高并发怎么解决笔试题很基础','深圳','null','1'),(177,'深圳市鼎游信息科技有限公司','公司用ssh 框架，最好会webservice,\n问得很基础','深圳','null','1'),(178,'众德尔科技有限公司','问简历上提到的技术，mysql怎么创建权限，数据库优化，工作流','深圳','null','1'),(179,'软通动力','ssm框架，Oracle，其他都是基础','深圳','null','1'),(180,'顺恒利集团','讲一个项目，根据项目拓展，数据库事物\n，HTTP协议','深圳','null','1'),(181,'深圳乐乐米信息技术有限公司','有笔试，问项目，对网络协议要求比较高','深圳','null','1'),(182,'深圳卓辰金融信息服务有限公司','直接到外包的公司面试，没笔试，详细问框架底层，实现原理，要求直接上手做项目','深圳','null','1'),(183,'麦克隆科技有限公司','有机试，提交机试后回去等通知','深圳','null','1'),(184,'深圳前海翼科技有限公司','没笔试，招高级，技术要求比较高','深圳','null','1'),(185,'中兴仪器','有机试，机试交了之后等通知','深圳','null','1'),(186,'筷云科技','大公司有笔试，要求掌握分布式搭建和一些新框架技术','深圳','null','1'),(187,'航通智能','问项目，知识点，等通知','深圳','null','1'),(188,'迈集科技有限公司','小公司做机试，聊到薪资，回去等通知','深圳','null','1'),(189,'深圳恩多科技有限公司','公司规模较小，没有笔试，\n1.对MVC的理解?\n2.如果使用一个平台突然出现了访问很慢的情况，你会考虑是什么原因\n3.l了解商场订单系统吗？\n4.对高并发了解吗？如何解决高并发?\n5.对大数据了解吗？','深圳','null','1'),(190,'无线便利互联网科技有限公司','有笔试，\n1.主要是多线程方面的问题，\n2.问了mysql索引，\n3,技术面试有可能会让你现场写SQL语句','深圳','null','1'),(191,'深圳云帮互联网科技有限公司','小公司，有笔试题。不建议去','深圳','null','1'),(192,'深圳中远达智能科技有限公司','物联网公司，不问项目，\n1.八大数据基本类型，\n2.如何将数组转化json，\n3.spring用什么标签可以设置是单例模式还是其他模式，\n4.数据库如何设置最大遍历量，\n5.图片上传服务器是传输的什么\n6.hashmap如何遍历','深圳','null','1'),(193,'深圳市广通软件有限公司','公司规模中等，1.项目问的怎么仔细，\n2.jvm运行时数据区有哪些东西，\n3.mysql存储引擎，\n4.spring事务播放行为，\n5.redis缓存数据类型，\n6.map底层，\n7.java内存模型数据类型。','深圳','null','1'),(194,'深圳市红彤汽车股份有限公司','1.limit优化？\n2.mysql怎么删除重复的数据\n3.linux常用命令？\n4.mysql常用函数？日期处理函数叫什么？\n5.有没有使用过审批流？\n6.structs2和SpsingMVC的区别？\n7.JQ常用的选择器？\n8.sql语句优化，口述sql让你优化？\n9.分布式开发？\n10.问项目负责的模块？\n11.怎么建索引？\n12.存储过程和sql的区别？\n13.游标？14.复杂sql语句怎么生成报表？\n15.会不会测试？16.ssh项目移植到ssm框架 怎么实现 ？\n17.之前公司的规模，人员分配？18.谈了希望薪资，然后没有然后 公司是做汽车金融的','深圳','null','1'),(195,'现代城市环境服务有限公司','公司规模小，只有一个后台开发，\n1.问题主要是设计模式 ，\n2.是否用设计模式开发过组件，\n3.Shiro的几个权限实现接口，\n4.Spring SpringMvc Mybatis 的配置文件','深圳','null','1'),(196,'深圳亿腾信息','一个属于人员外派还是培训学校，\n1.问设计模式，servlet是否可以不写dopost方法，用什么来实现dopost方法，2.responsebody转换器如何实现数据转换的','深圳','null','1'),(197,'深圳天方达健信科技股份有限公司','专业不对口','深圳','null','1'),(198,'深圳虎克软件','没笔试，没人事，问了框架，分布式，带了下项目','深圳','null','1'),(199,'滕华软件（深圳）','有笔试，问项目','深圳','null','1'),(200,'深圳银之杰科技股份有限公司','要求长期出差，上市公司，必查学历','深圳','null','1'),(201,'金瑞龙互联网金融科技有限公司','有笔试，ssm,jms','深圳','null','1'),(202,'无线便利互联网科技有限公司','有笔试，ssm,链表','深圳','null','1'),(203,'滕华软件（深圳）','有笔试，问项目','深圳','null','1'),(204,'招银云创信息技术有限公司','没笔试，框架，SQL','深圳','null','1'),(205,'深圳聚点互通网络科技有限公司','有笔试，分布式，SQL，多线程，框架，http','深圳','null','1'),(206,'富士康','有笔试，项目，框架','深圳','null','1'),(207,'金蝶','没笔试，项目，基础技术点','深圳','null','1'),(208,'富士康','有笔试，项目，框架','深圳','null','1'),(209,'中瑞科电子有限公司/优摩登软件','独立开发，要求全站','深圳','null','1'),(210,'开维教育信息技术股份有限公司','没笔试，项目，技术点','深圳','null','1'),(211,'深圳市蜂窝网络有限公司','svn，maven，集合，配置环境，框架','深圳','null','1'),(212,'华融金融集团','笔试','深圳','null','1'),(213,'深圳弘长科技有限公司','机试过了再约','深圳','null','1'),(214,'富士康','笔试，只问项目，考了一下午的天文地理，一系列的流程','深圳','null','1'),(215,'四方精创','必查学历','深圳','null','1'),(216,'康宏信息咨询有限公司','笔试，Java基础，string stringbuffer的区别，集合，异常','深圳','null','1'),(217,'振邦科技','笔试，问项目','深圳','null','1'),(218,'凯迪仕智能科技有限公司','没笔试，Java基础，gc各种应用，序列化','深圳','null','1'),(219,'前海云游数据运营有限公司','太偏了找了一个多小时没找到','深圳','null','1'),(220,'深圳聚领','IOC，手写单例模式，多线程，项目','深圳','null','1'),(221,'深圳中集天达空港设备有限公司','讲项目，考察知识面','深圳','null','1'),(222,'卓想物联网络','SQL，安卓','深圳','null','1'),(223,'微品质','问项目，mybatis的执行器，MySQL SqlServer orcal的分页查询','深圳','null','1'),(224,'和美','','深圳','null','1'),(225,'梦网荣信科技','有笔试，Servet的生命周期，Java基础','深圳','null','1'),(226,'两步路','有笔试， Java基础通过笔试题来问，SQL设计','深圳','null','1'),(227,'天用唯勤','人力外包不推荐去','深圳','null','1'),(228,'爱瑞思','','深圳','null','1'),(229,'浩瀚星河','没笔试，Java基础，前端','深圳','null','1'),(230,'深圳乐唯科技','redis，AOP,IOC,手写单例加同步，分布式，SQL优化，设计模式，索引失效怎么办，MySQL的引擎详解','深圳','null','1'),(231,'深圳云来','抽象思维，设计模式，IOC的底层源代码，spring的生命周期，sprint的bean，详解单例模式的使用范围，AOP的设计模式及使用方式，SQL优化，POI的使用，mapper的底层实现，currentmapper','深圳','null','1'),(232,'天用唯勤','面试题比较简单  公司比较小不建议去','深圳','null','1'),(233,'招银云创','外包公司 问的项目和人事 没有技术问题','深圳','null','1'),(234,'拜特科技','项目经理问项目，然后问数据库里设计一自增列，项目上线，如何控制其事物，出现数据访问慢该如何优化','深圳','null','1'),(235,'云之讯','问的一些ssm框架常问的问题，然后和他技术交流了两个小时','深圳','null','1'),(236,'嘟嘟流','笔试没过','深圳','null','1'),(237,'真新科技','没笔试，人事没过','深圳','null','1'),(238,'日月元','招前端','深圳','null','1'),(239,'上海美嘉林','笔试，机试，项目，技术点，个人发展方向','深圳','null','1'),(240,'瑞泰信','招前端','深圳','null','1'),(241,'继尧','垃圾老板','深圳','null','1'),(242,'越亮传奇','浪费时间','深圳','null','1'),(243,'北京筑龙','有笔试，有机试，主要问SQL','深圳','null','1'),(244,'鹰硕','没笔试，问基础','深圳','null','1'),(245,'秦风创客','就问了人事，感觉像传销','深圳','null','1'),(246,'百威智能','坐了4个小时车，强烈建议不要去，纯属浪费时间','深圳','null','1'),(247,'巨鼎','没笔试，项目，基础技术点','深圳','null','1'),(248,'桌垣翰','主要问项目，基础技术点','深圳','null','1'),(249,'深圳收银家','有笔试，针对项目问','深圳','null','1'),(250,'挚爱空间','没去','深圳','null','1'),(251,'华龙迅达','跑错地方','深圳','null','1'),(252,'中科远','直接聊理想，外派','深圳','null','1'),(253,'中融亚太','要求会做电商','深圳','null','1'),(254,'阿尔艾富','纯属扯淡','深圳','null','1'),(255,'亿起融','有笔试，jdk8的新特性，ArrayList如何去重复，项目之间通信，线程除了同步锁还有什么方法同步','深圳','null','1'),(256,'挚爱空间','没笔试，主要问项目，数据库','深圳','null','1'),(257,'英迈思','有笔试，项目，SQL','深圳','null','1'),(258,'指姆游','做H5游戏，没笔试','深圳','null','1'),(259,'云石企业服务','没笔试，照着简历问','深圳','null','1'),(260,'飞贷','分布式，ORCALE','深圳','null','1'),(261,'深圳市轨道交通研究中心','服务器','深圳','null','1'),(262,'云积分','20个人，问多线程，内部类，spring, ssm理解','深圳','null','1'),(263,'资本在线','问笔试题，算法，项目，解决数据量大的时候怎么解决','深圳','null','1'),(264,'百果园','问redis mysql索引，手写索引单列模式','深圳','null','1'),(265,'亚联财小额贷','问项目，做笔试题，分布式','深圳','null','1'),(266,'税友软件集团','六页笔试题，问项目(包装没有做过的项目没有讲好)，liunx，Oracle','深圳','null','1'),(267,'凌雄服务公司','','深圳','null','1'),(268,'美亚柏科','','深圳','null','1'),(269,'深圳浩方电子商务有限公司','1.公司规模50-100人，有笔试  \n 2.搜索结果为大量数据的时候怎么做优化？                    3.怎么解决高并发             4.建立索引的优缺点            5.多线程','深圳','null','1'),(270,'深圳数马电子技术有限公司','1.50人左右，没笔试，不查证          2.mybatis和hibernate的区别  3.主要问项目','深圳','null','1'),(271,'深圳市沃尔夫投资有限公司','集合，jQuery，数据库优化，GC','深圳','null','1'),(272,'华融金融集团','数据存储，springMVC过程，多线程','深圳','null','1'),(273,'深圳市众诚品业科技有限公司','集合数组，数据库，ajax，springMVC流程','深圳','null','1'),(274,'深圳软通动力信息技术有限公司','集合，io流，ajax，前端框架，数据库优化，数据查询优化','深圳','null','1'),(275,'深圳软通动力信息技术有限公司','数据库优化、spring理解、mybatis和hibernate区别，问项目，问权限','深圳','null','1'),(276,'二十一世纪嘉誉','pageheaper底层，模糊查询语句，前端框架，Junit 用什么注解','深圳','null','1'),(277,'如恋信息科技','公司较小，没笔试，问项目','深圳','null','1'),(278,'深圳市嘉力达节能科技股份有限公司','笔试','深圳','null','1'),(279,'深圳金政软件有限公司','对技术要求不是很高，可以接受技术比较差的，已经面试通过','深圳','null','1'),(280,'深圳智能表芯有限公司','创业公司，对技术要求比较高，先面试问的比较基础，面试没通过','深圳','null','1'),(281,'深圳市永兴元科技有限公司','特点:有笔试，测试eq。多态的定义，SQL关联查询，JDBC连接数据库过程，SQL条件查询，IO流的类型，继承、抽象、接口的关系','深圳','null','1'),(282,'深圳市同城快跑科技有限公司','特点:笔试+机试。class.forName()的作用，http如何工作，SQL关联查询，哪三种类的加载器','深圳','null','1'),(283,'易天堂','公司很小。java基础问得较多，其他基于简历','深圳','null','1'),(284,'中软（华为）合资外包（龙岗区）','外包公司。查学历。笔试不难。技术面试问的不多，公司项目似乎递归使用较多','深圳','null','1'),(285,'新创宏电子有限公司','查学历，直接机试（搭建eclipse和MySQL环境，然后搭建公司给的指定项目正常运行）','深圳','null','1'),(286,'迪博风险企业管理技术有限公司','先笔试，再人事，最后技术（jQuery中有哪些插件，请求转发与重定向的区别，数据库优化，索引，缓存使用的什么技术）','深圳','null','1'),(287,'深圳市惠点网络科技有限公司','产品经理面试，不怎么懂技术，问最近项目经验，并发，框架底层优化，是一家刚往java转型的公司','深圳','null','1'),(288,'迪博风险企业管理技术有限公司','笔试没过','深圳','null','1'),(289,'中软国际','详细问项目，mvc工作流程，并深挖控制反转怎么实现，底层原理是什么，控制权的历史是怎么演变的，xml怎么配置的','深圳','null','1'),(290,'深圳市华南通汽车租赁（集团）有限公司','问redis，问sql语句优化，详细挑项目问，简单问了下maven，git，没笔试，不查学历，专科也可以','深圳','null','1'),(291,'上海易宝软件公司','外包华为，项目组手下面试的，主要面试了sql语句的优化，aop，ioc，Spring 的特性','深圳','null','1'),(292,'亿达信息技术有限公司','手写冒泡排序，手写sql语句，事物的四大特性，四大隔离级别，7大传播属性。','深圳','null','1'),(293,'百果园','先笔试，再技术，针对你的项目写一些sql语句查询，说说表与表之间是如何关联的，mybatis，springmvc的流程，HTTP，','深圳','null','1'),(294,'UT斯达康','一大推问题，什么事物啊，隔离啊，缓存啊，然后项目经验啊，还有mysql的一些查询，学校那里的，多少人，什么位置','深圳','null','1'),(295,'双平泰医疗有限公司','spring union和unionall的区别 设计模式 业务逻辑 ajax 最近的项目中的问题','深圳','null','1'),(296,'大金来科技有限公司','直接上机机试，公司用的SSH框架，不会不用试','深圳','null','1'),(297,'深圳市圣义承科技有限公司','问高并发，shiro权限，微信公众号怎么开发，数据库怎么统计，NGINX原理，this关键字怎么用','深圳','null','1'),(298,'深圳佳盟技术有限公司','shiro，缓存','深圳','null','1'),(299,'北京神州云动科技股份有限公司','JSP内置对象，传递方式，SQL查询','深圳','null','1'),(300,'华腾软件(就是中软国际)','事务，存储过程，问开发工具，项目经验，个人规划','深圳','null','1'),(301,'深圳市双平泰科技有限公司','spring理解，union和unionall的区别','深圳','null','1'),(302,'深圳市太极云科技有限公司','接口，高并发','深圳','null','1'),(303,'金蝶软件','1.框架底层，分布式，高并发，框架的理解\n2.shiro权限流程，SQL优化，连接查询\n3.看的什么书籍','深圳','null','1'),(304,'顺丰','1.Mybatis标签，前端传值和处理\n2.多线程，Linux，SpringMVC流程外包','深圳','null','1'),(305,'深圳商合软件有限公司','公司规模较小，没有笔试  \n1.问公司规模，人员配置\n2.问项目\n3.会不会支付','深圳','null','1'),(306,'深圳华建建设集团','公司规模还可以500人 开发部门有100+ \n1.问SSM，aop ioc\n2.会不会迭代ERP\n3.有笔试 有机试','深圳','null','1'),(307,'深圳极维度智能科技有限公司','规模：50人左右，去年注册，半外包。冒泡排序，接口，异常，多线程的状态。SSM和SSH的区别，XML，数据库关联查询，多线程','深圳','null','1'),(308,'深圳巨鼎医疗设备有限公司','公司是做医疗设备的，IT部门共10个人，面试官说不管你用什么语言，什么方法，只要能把事情做出来就行。这个公司IT部门做java开发的就三个人。\n1、问我是从哪里毕业的\n2、问我之前在哪里工作\n3、问我的离职的原因','深圳','null','1'),(309,'深圳优讯信息技术有限公司','1.50-100人，有笔试，好像不查证?                            2.问项目，SpringMVC，前端','深圳','null','1'),(310,'深圳市法本软件园','1.没查，先机试再面试，问项目经验                           2.问shiro,高并发，遇到的技术难点，私下有没有学习新的技术','深圳','null','1'),(311,'深圳和美信息技术股份有限公司','笔试，hr面试等技术复试','深圳','null','1'),(312,'象翌微链公司','先笔试 手写sql语句，插入排序问dubbo，问redis，必查学历，JPA全注解，手写int 转16进制','深圳','null','1'),(313,'光汇石油集团','经理面试，问人事没过，环境特别好。','深圳','null','1'),(314,'同城快跑','笔试+机试，技术面试（讲项目，表分区，如果数据库一个表有几百万条数据，有什么办法可以优化，除了项目中的技术，还了解过什么技术）','深圳','null','1'),(315,'紫旭科技','笔试太难','深圳','null','1'),(316,'深圳市三德资产管理有限公司','问项目   structs  hibernate  spring   mybatis   jsp内置对象   测试工具   数据库优化','深圳','null','1'),(317,'深圳市快易购科技有限公司','公司不大，面试题不难，问了下项目','深圳','null','1'),(318,'双平泰医疗有限公司','介绍第一个项目，shiro问了很多，组建java团队中，但是太多雷同简历，未修改简历前不建议前去面试','深圳','null','1'),(319,'迪博风险企业管理技术有限公司','二进制，short类型的长度','深圳','null','1'),(320,'深圳快贝金融科技有限公司','先笔试后面试，hibernate和mybatis的区别，hashmap和hashtable的区别，Struts 2和SpringMVC的优缺点     前端JS的数据类型，jQuery，冒泡排序，单例模式\nSpring的配置，事物','深圳','null','1'),(321,'优讯信息','有笔试   问项目  有没有做过购物车相关的功能    登录的时候用什么加密    mybatis中的事物     缓存  数据库视图的作用   数据库怎么分组   jquery怎么取出input里面的值   dubbo框架','深圳','null','1'),(322,'深圳市中瑞科电子有限公司','有笔试  问项目  设计模式   了解SDK吗   SSI框架  Linux的基本操作命令','深圳','null','1'),(323,'深圳亿腾信息互联咨询有限公司','外包+培训+笔试','深圳','null','1'),(324,'深圳市金证科技股份有限公司','互联网金融，有笔试，技术面试，多线程和数据库问得很深','深圳','null','1'),(325,'金蝶软件有限公司','跟其他面试金蝶的情况差不多','深圳','null','1'),(326,'聚诚网络科技有限公司','笔试难点数据库优化，难在具体的数据库语句优化','深圳','null','1'),(327,'深圳极维度智能科技有限公司','1.复试：对人生以后的规划\n2.       ：对公司的看法\n3.       ：对公司的归属感','深圳','null','1'),(328,'深圳万商联购科技有限公司','1.该公司只用Jfinal框架不建议去.','深圳','null','1'),(329,'深圳紫旭科技有限公司\n深圳零壹移动互联网有限公司','1.hashtable和hashMap的区别\n2.为什么重写Equals之后要重写hashcode？\n3.StringBuffer的实现方式\n4.List. set  map 是否继承Collection？，他们的区别？','深圳','null','1'),(330,'深圳互彩通讯科技有限公司','该公司太小，不建议去','深圳','null','1'),(331,'深圳优讯信息科技有限公司','1.项目中的难点怎么解决','深圳','null','1'),(332,'深圳广通软件有限公司','1.数据库与数据结构\n2.递归.\n3.多级查询的数据表设计\n4.关于订单模块的表设计随着数据量增大，怎么优化？\n5.关系型数据库和NOSQL数据库有哪些？','深圳','null','1'),(333,'少花点','基本都是SSM框架，maven，高并发 建议大家试试','深圳','null','1'),(334,'对面网诺有限公司','公司是用ssh框架，必须精通，微服务要了解， 需要理\n解hashmap，hashtable，concurrenthashmap工作原理，底层代码怎么实现，linux常用命令，手写，application content和beanfactory的区别和联系，js的增加节点，删除，新增节点','深圳','null','1'),(335,'深圳卓讯','笔试+技术面试，','深圳','null','1'),(336,'北京筑龙','笔试+技术面试，很多底层的问题如：webservices，\n高并发，多线程','深圳','null','1'),(337,'浩瀚星河','开始面试java开发  后来推荐我搞实施 问性格 \n兴趣爱好 沟通能力 应变能力','深圳','null','1'),(338,'深圳市德科软件','平安外包，问数据库SQL语句，存储过程语法，mybatis框架','深圳','null','1'),(339,'深圳市德兰普生科技有限公司','面试HR,问擅长的方面，技术会电话面试','深圳','null','1'),(340,'深圳市乐福衡器有限公司','做微信小程序，app，接口，Linux，项目上线过程','深圳','null','1'),(341,'聚诚(深圳)网络科技有限公司','笔试没过（很难）20题java基础选择题，5到数据库\n简答题，全部手写Sql语句，还要优化','深圳','null','1'),(342,'深圳市金律科技有限公司','SqlService数据库（没学过）','深圳','null','1'),(343,'和美科技','1.servlet http生命周期以及运行原理\n2.面向对象特性\n3.线程安全和不安全  举例说明\n4.jdbc原理','深圳','null','1'),(344,'开维教育','主要问项目','深圳','null','1'),(345,'金钥匙控股','问项目，SpringMVC流程，分布式，对Spring的理解，高并发解决方式','深圳','null','1'),(346,'中兴仪器','有笔试，面试问了垃圾回收机制底层实现，怎么写优化sql语句，其他问题常规，人事面试常规','深圳','null','1'),(347,'四方精创','问项目    离职原因   上家公司可以开离职证明吗    大学什么时候开始学的java   aop和ioc   mybatis    static   静态变量和实例变量的区别','深圳','null','1'),(348,'锦鹏科技','培训机构，就HR问一些会的大概东西，问学历，上一家公司，面试多久，为什么没面试上，有没有培训经历','深圳','null','1'),(349,'金瑞龙汇鑫','笔试，ssm框架中事务是如何操作处理的，代码如何优化，SQL优化，抢红包的原理以及用到的技术，高并发，分布式','深圳','null','1'),(350,'深圳无线便利科技信息有限公司','先笔试后面试\n多态，多线程，session和cookie的区别，\nString，StringBuffer和StringBuilder的区别\nTCP连接的简历和断开流程，手写一个单例模式','深圳','null','1'),(351,'深圳华南通汽车 接口开发','hashtable和hashmap区别','深圳','null','1'),(352,'深圳华龙讯达信息技术股份有限公司','股份制公司，有SSH和SSM两种框架开发，笔试题对数据库要求掌握较高，重视前端开发框架','深圳','null','1'),(353,'收银家','做了面试题，写出2-4种设计模式及应用场景，HR面试，等复试','深圳','null','1'),(354,'富士康','英语测试，逻辑测试，心理测试','深圳','null','1'),(355,'科陆电子','为什么使用jquery，servlet是多线程还是单线程，new一个java对象怎样分配内存，new和newinstance()方法的区别 还问了项目 springmvc流程 集合','深圳','null','1'),(356,'达实智能','笔试（大多数JAVA基础知识）+人事（如何看待加班，上家公司地址，离职证明，查学历，公司组成）','深圳','null','1'),(357,'立信创源','笔试（给列举出来的技术标注熟练度）+技术（JAVA基础，SQL优化，替换截断字符串等）','深圳','null','1'),(358,'优讯科技','问项目 String和Stringbuffer区别 Spring理解 核心思想理解 抽象类和接口区别','深圳','null','1'),(359,'金证科技','有笔试 现场查学历','深圳','null','1'),(360,'美嘉林科技','有笔试','深圳','null','1'),(361,'美云集','公司规模大，办公环境不错，笔试不怎么难，但需要做准备，有前端js，java基础，数据库，linux基本指令，只招两个人，推荐本星期内做好准备的同学来试一试','深圳','null','1'),(362,'科迈技术有限公司','规模小，外包做二次开发，app方向，感觉一群刚毕业没多久的学生，大早上班时间都闲的一逼鸡儿都没问。不推荐去了','深圳','null','1'),(363,'怡亚迪','SpringMvc的工作流程  Arraylist与Linkedlist的区别  分布式  ajax','深圳','null','1'),(364,'柠檬智慧有限公司','服务站放哪里 在哪里跑  前端的一些问题','深圳','null','1'),(365,'深圳市长亮核心科技有限公司','银行业务，招实施，长期出差一年，查学历','深圳','null','1'),(366,'华鹏飞股份有限公司','做物流业务，问数据交互，接口多用，设计模式，项目中的SQL字段多少，项目详解','深圳','null','1'),(367,'点将金融','笔试个人觉得难','深圳','null','1'),(368,'继尧信息技术有限公司','笔试简单，没问什么技术，但是老总异常牛逼，就项目跟我聊了一个多小时，感觉很专业的问题，答不上来','深圳','null','1'),(369,'优摩登软件开发有限公司','全英文笔试题，英语不好不建议去','深圳','null','1'),(370,'深圳市知领互联信息有限公司','面试前学信网查学历+外包+培训','深圳','null','1'),(371,'汇鑫科技','笔试（get与post的区别，写SQL语句，JAVA三大特性，MVC原理）+技术+人事（离职原因，公司架构组成等）','深圳','null','1'),(372,'新富资本','面试题全英语的，但是题目简单，问io流，XML文件的配置，jquery取值，多线程的两种实现方法哪个好','深圳','null','1'),(373,'递四方','有笔试 公司大正规','深圳','null','1'),(374,'前海金网互联科技','问项目问基础 有笔试','深圳','null','1'),(375,'深圳灵沃有限公司培训','培训','深圳','null','1'),(376,'鼎尖软件有限公司','HR问基础信息（学校，工作），还有工作经历，然后销售经理问工作经历的具体情况，具体到实施了几个项目，项目业务，你觉得什么业务最难，项目在哪实施，然后就是一些他们公司的情况，我面过了，经理与我聊得很好，由于我推迟上班，所以他们也推迟了给我的答复，他们没说我没过（打电话问过），下周一给答复，估计是中途在招人比较','深圳','null','1'),(377,'上海慧骨勤行医疗科技有限公司','问Java基础  常用的数据类型  String里面有哪些方法   怎么截取字符窜   Collection有哪两个接口','深圳','null','1'),(378,'泛在联通科技','有笔试 问项目 创业型公司','深圳','null','1'),(379,'朗锐科技','无笔试，HR先谈话，接着技术面试','深圳','null','1'),(380,'一七网络科技有限公司','无笔试','深圳','null','1'),(381,'嘟嘟牛','事务的四大隔离特性 ，七大传播属性。索引什么时候不生效。怎么优化sql语句。','深圳','null','1'),(382,'点筹互联网金融','java基础，很细的问项目','深圳','null','1'),(383,'博安达信息技术股份有限公司','规模大，环境好，笔试难度一般，技术面试常规，可能答的让别人不满意','深圳','null','1'),(384,'筑龙','笔试难度一般','深圳','null','1'),(385,'秦风科技','要高级java','深圳','null','1'),(386,'神州数码','人事问的细 没有笔试无结果','深圳','null','1'),(387,'神州数码','讲讲项目，谈谈公司业务','深圳','null','1'),(388,'万特联药业','将项目，缓存，多线程，spring原理','深圳','null','1'),(389,'怡亚通','复试','深圳','null','1'),(390,'东软软件','aop的理解    springmvc的优点    mapper里面的注解    自动装载的方式    mybatis的注解','深圳','null','1'),(391,'真新科技','人事常规，技术面试是给你一张都是题的纸，方面作答，难度中偏下','深圳','null','1'),(392,'中科新业','公司可以的，笔试集合偏多，不擅长，没找到机会拍照发感觉不难，可以来试','深圳','null','1'),(393,'三维通','对java的理解，ssm的理解，用框架和不用框架的区别','深圳','null','1'),(394,'深圳白骑士大数据有限公司','人事没问，没填表，没笔试，先是一个实施的员工来问一下基础的问题，你的工作经历，你的抗压能力，实施的全过程，业务问题，然后经理面，就问了业务，经理，家庭情况','深圳','null','1'),(395,'杰迈科技','十个人左右 外包公司','深圳','null','1'),(396,'柠檬智慧有限公司','笔试  技术（正向代理和反向代理是什么？nginx是什么类型代理\nTCP三次握手，4次挥手如何画？‌http头包括哪些？）','深圳','null','1'),(397,'飞耶','笔试（ssh题目）  技术（ssH相关技术点）','深圳','null','1'),(398,'小猫科技','问项目 Springmvc流程 集合  登陆过程','深圳','null','1'),(399,'深圳市每天惠电子商务有限公司','就问了实施业务和流程，问了一下开发转实施的原因，辞职的原因，然后是实施的数据导入业务','深圳','null','1'),(400,'青岛禧泰房地产','查学历','深圳','null','1'),(401,'大道网络','问项目没有笔试 做淘宝留言板的 set集合 常用类有哪些','深圳','null','1'),(402,'美讯','笔试，技术面试（aop的应用场景，spring事务管理）','深圳','null','1'),(403,'思品','笔试（查背景，一套逻辑试题，一套java基础试题）','深圳','null','1'),(404,'智付科技集团有限公司','小公司，很缺人，需要马上能上手的Java开发工程师，要能自己搭建项目，实现需求，需要一名数据分析员','深圳','null','1'),(405,'开思','问了离职原因，实施具体的，要懂汽车','深圳','null','1'),(406,'策维','查学历','深圳','null','1'),(407,'智搜','招的是数据库工程师','深圳','null','1'),(408,'昱立科技','有笔试全套英文 问学校专业以及地址 常用类 map集合','深圳','null','1'),(409,'浩瀚科技','问项目问经验','深圳','null','1'),(410,'红彤汽车','springMVC的流程，打折计费功能如何实现','深圳','null','1'),(411,'坐标软件','实施的流程，如何解决客户的问题，实施周期','深圳','null','1'),(412,'浩瀚科技','人事说让转实施，是否有意向','深圳','null','1'),(413,'天方建达','实施周期，客户问的文图如何解决','深圳','null','1'),(414,'紫川互联','培训机构，没去','深圳','null','1'),(415,'两步路','笔试，多线程，TCP，','深圳','null','1'),(416,'深圳华芯信息技术股份有限公司','不招实施，经理跟我扯了一个多小时的人生和理想','深圳','null','1'),(417,'深圳开思时代科技有限公司','实施经理不在，技术代实施经理面试，过了，但是要等实施经理回来复试','深圳','null','1'),(418,'浩翰星河','面试java开发，说我java技术达不到他们要求，然后问我考虑实施吗，就谈了一下','深圳','null','1'),(419,'浩翰星河','复试','深圳','null','1'),(420,'北京中科江南信息技术股份有限公司','政府部门，在深圳财政部，面过等通知','深圳','null','1'),(421,'深圳市坐标软件开发有限公司','环境不错，是一体的医疗平台，经理不在，HR面过了，等复试','深圳','null','1'),(422,'中城视通','项目上线数据库如何备份 支付接口 linux系统 要求独立开发','深圳','null','1'),(423,'易博天下','问项目 已笔试 还会有逻辑联想','深圳','null','1'),(424,'浩翰星河','复试','深圳','null','1'),(425,'中卫信息','笔试，写sql语句','深圳','null','1'),(426,'小亿科技','赶项目，对技术要求高，只招一个java','深圳','null','1'),(427,'浩翰星河','谈复试情况','深圳','null','1'),(428,'浩翰星河','技术面试（一直问技术，很多底层问题），人事（没有提转实施的事）','深圳','null','1'),(429,'深圳市坐标软件开发有限公司','复试，要查学历','深圳','null','1'),(430,'南京日冲软件股份有限公司','笔试，一大半是手写SQL语句，3题选择题，5题填空题，最后一个实施场景题，我就做了3题选择题，和最后一题，中间没动，然后面试，等复试','深圳','null','1'),(431,'按揭帮','有笔试，笔试没过。。。','深圳','null','1'),(432,'云帮','有笔试，很坑很坑，不建议去','深圳','null','1'),(433,'物联网科技','有笔试，问技术问项目，从stringJava基础开始到框架底层','深圳','null','1'),(434,'易车行','有笔试，直接问最低接收多少薪资，没意思','深圳','null','1'),(435,'雷士照明','问技术问项目问基础','深圳','null','1'),(436,'卓宝集团','问项目，框架，对项目的见解，没笔试','深圳','null','1'),(437,'翰林经纬科技','问项目，框架，数据库，打包，项目版本，Linux操作，不建议去','深圳','null','1'),(438,'恒生电子科技有限公司','必查证，金融公司','深圳','null','1'),(439,'开科唯识科技有限公司','笔试，编程问题加逻辑问题，很难，笔试很重要','深圳','null','1'),(440,'深圳长亮科技股份有限公司','上市公司，问笔试问题','深圳','null','1'),(441,'世联行','集合框架，问底层设计现实开发','深圳','null','1'),(442,'雄帝科技股份有限公司','问了Springmvc工作流程，负载均衡','深圳','null','1'),(443,'思品信息','笔试题和逻辑题比较简单，面试问项目，小公司，10人左右','深圳','null','1'),(444,'四方精创','英文面试，网上口碑差','深圳','null','1'),(445,'迪尔西','直接技术面试，小公司，问技术，问shiro','深圳','null','1'),(446,'四方精创','英文面试，网上口碑差','深圳','null','1'),(447,'联云计算','笔试不让手机，没过','深圳','null','1'),(448,'全潮科技','考多表查询 小公司没过面试  要求高 马上上手','深圳','null','1'),(449,'安鑫宝','没笔试 问项目','深圳','null','1'),(450,'深圳峰涛科技有限公司','没笔试 问项目几个人的小公司','深圳','null','1'),(451,'桃源居实业','有笔试，选择题，比较简单 面试问技术，没人事 靠数据库连写查询 建议去','深圳','null','1'),(452,'上海美嘉林','小公司不到10有笔试，现场写没法查，没写。','深圳','null','1'),(453,'斯维尔','大公司，查学历本科可以去','深圳','null','1'),(454,'佳保安全股份有限公司','有笔试和逻辑题，查学历，技术面试主要问项目','深圳','null','1'),(455,'深圳市方软信息产业有限公司','有笔试题','深圳','null','1'),(456,'易立德企业管理咨询有限公','没有笔试，问下基本，学过哪些东西，主要用哪些框架','深圳','null','1'),(457,'卓正医疗','只问了一些人事问题，等复试通知','深圳','null','1'),(458,'创业软件股份有限公司','先问人事，再问技术，问了项目经验','深圳','null','1'),(459,'深圳四方精创资讯股份有限公司','主流框架，sql','深圳','null','1'),(460,'四方精创资讯股份有限公司','直接问技术，问strtus2的工作流程，其他的就是些基本的问题','深圳','null','1'),(461,'华思软件公司','先写笔试题，笔试题很简单，再项目经理面试，问的都是非常简单的问题，太多了，没有什么印象了','深圳','null','1'),(462,'深圳市杰迈科技有限公司','1、多线程实现方法  2、Linux常用命令   3、缓存技术有哪些','深圳','null','1'),(463,'深圳中海湾实业有限公司','webservice  进销存系统  高并发','深圳','null','1'),(464,'深圳小猫信息技术有限公司','机试 自己搭ssm框架，写数据库，一个表两个字段，实现增删改查','深圳','null','1'),(465,'深圳市众诚品业科技有限公司','Sql优化，项目问得比较近，json和SpringMvc的流程','深圳','null','1'),(466,'深圳巨鼎医疗设备有限公司','公司规模感觉很大，做医疗相关的，没有笔试，直接面试技术，让我做自我介绍。问了一个sql，查询重复有多少个，一个关于算法的。','深圳','null','1'),(467,'一叶知秋有限公司','自我介绍，问了以前公司相关事项。问了第一个项目，问得比较简单。','深圳','null','1'),(468,'富民环球新公司','问得比较浅，没有笔试，通过率70%，问了薪资要求，问了对工作地点的看法，什么时候能入职，说看我有5年的工作经验，感觉还不错。','深圳','null','1'),(469,'声联网科技公司','有笔试，问数据库，Java算法类问题比较多，还要写了冒泡排序方法。笔试题最后一题要求我用数学公式写的。','深圳','null','1'),(470,'三维度科技','没有笔试，人事技术都是一个人面试，面试问题，spring的了解，多线程，mybatis和hibernater的区别，都是一些基础问题，要求讲最后一次项目。','深圳','null','1'),(471,'深圳富珉信息咨询有限公司','项目和基础技术点','深圳','null','1'),(472,'平安证券','笔试没过','深圳','null','1'),(473,'深圳鲤鹏科技信息技术有限公司','面试90分钟，shiro,spring+springmvc,第一个项目，小公司，外包','深圳','null','1'),(474,'深圳市顺恒利工程集团','1.地产集团旗下新成立不到一年的软件开发部门，开发主要偏向智慧城市，物业管理，安全管理，及承接的一些外包项目    2.没有笔试，第一轮人事面试后面会问一些简单技术问题，第二轮部门老总面试技术问的比较细              3.服务器部署，配置，使用                             4.网络协议方面问题                                                   5.框架问的非常细                                        6.数据库的优缺点及优化','深圳','null','1'),(475,'深圳丝路天地电子商务有限公司','1.公司偏向电子商务方面                           2.有笔试，Java高级题目                            3.第一轮人事面试及Java基础面试                     4.第二轮技术总监面试                           5.框架问的比较细                              6.数据库方面sql语句，数据库优化，及优缺点','深圳','null','1'),(476,'深圳市银星智能科技股份有限公司','1.面试题STring，StringBuffer，StringBuild的区别。2.线程安全。3.什么是FutureTask.4.Springmvc模块','深圳','null','1'),(477,'深圳市慧极软件技术有限公司','1.冒泡排序，单例模式，降序排序，数据库理解，','深圳','null','1'),(478,'深圳市普特生物医学工程有限公司','不问经验，不问学历，问底层，多线程，高并发（做数据交互的）','深圳','null','1'),(479,'卓宝集团','大公司，从毕业学校问道辞职，处处问道，过了，9k,入职查证（主要做建材，防水，公司oa,crm系统维护，现在公司新做一个crm项目）','深圳','null','1'),(480,'深圳市优迅信息有限公司','有面试，比较简单。然后人事面试，主要银行业务，外包出差到山东，山西，河北。3-6月不等。常年出差。','深圳','null','1'),(481,'深圳价值在线信息科技股份有限公司','是一家做法律法规的公司，公司规模较大，开发不止java一个部门，问我会不会php。然后一个技术部过来问我一些关于以前工作的技术，我回答的基本都是ssm+maven+svn技术。他们公司好像要求比较高，大数据什么都需要会。','深圳','null','1'),(482,'深圳市慧极科技有限公司','培训机构，大家不要去了。','深圳','null','1'),(483,'众诚品业','throw和throws是什么，区别。\nthread是什么？\n JVM  JRE JDK 是什么？','深圳','null','1'),(484,'中科软科技股份有限公司','先笔试\n主键和唯一索引的区别','深圳','null','1'),(485,'金智软件','Java项目组是新成立，之前是做C++的，现在准备往Java方向走，有笔试，面试问题：围绕着项目经验来问，自己做的所有项目之前的项目可以不深挖但要知道你做过。还有就是根据笔试题会提一些问题。问了对框架的了解，遇到问题出现BUG一般怎么解决。。。\n技术面试两轮，一次人事面试。。。\n尽快给通知','深圳','null','1'),(486,'小亿网络','做生活服务平台的，Java后台有两人，现在需要招的是Java web，希望招过去就能上岗，公司现在有项目正在研发中，前端后台框架都还没有，入职后这些都要自己来完成，12月8号，四周年庆，项目要求在这之前完成，周年庆时能够发布。。。前端要求较高，面试问题：前端框架，jsp，html等问得比较多','深圳','null','1'),(487,'奇信股份深圳市全容科技有限公司','要会搭ssm框架  Java中级  会前端框架  没笔试 技术直接面试','深圳','null','1'),(488,'深圳市金智软件有限公司','笔试题有算法 没去','深圳','null','1'),(489,'深圳市百果互动科技有限公司','4-50人公司，做电商，有笔试，索引和redis问得比较多，很细','深圳','null','1'),(490,'深圳市融梦科技有限公司面','公司破旧，50不到的公司，问的浅。面试官不是做技术的，感觉没什么气场；','深圳','null','1'),(491,'前海双龙（深圳）文化科技有限公司','有面试，面试当着面做，公司在做电商，外包，啥都做。啥都问，招急需上手的；','深圳','null','1'),(492,'深圳市元道通信技术有限公司','1.从事通信方面开发，只招一个中级Java开发，没有笔试，直接技术主管面试                                   2.高并发的解决方案                                    3.接口的开发经验                                   4.xml的技术                                            5.后台定时器的实现','深圳','null','1'),(493,'深圳市明泰智能技术有限公司','1.有笔试：主数据库表的查询和关联。2.面试问项目，数据库优化等....','深圳','null','1'),(494,'深圳市中核海得威生物科技有限公司','招软件工程师：主C+,不用去','深圳','null','1'),(495,'深圳亿腾信息','重写 重载\njq获取input内容方法 区别\n缓存技术有哪些 怎么用\n分布式接触过么\nioc实现原理\naop应用场景\n数据库搜索引擎 有哪些。 innodb 跟其他的区别\npoi上传下载 限制\n==和===区别','深圳','null','1'),(496,'深圳小猫信息有限公司','要求搭ssm框架 java开发部新开的','深圳','null','1'),(497,'中软','有笔试','深圳','null','1'),(498,'亿腾信息','手机没电，没找到地方','深圳','null','1'),(499,'深圳市优购科技有限公司','只招Java高级，不用去了','深圳','null','1'),(500,'深圳医畅科技发展有限公司','地址在一个建材商城里面，没有进去','深圳','null','1'),(501,'上海美佳林科技有限公司','有笔试','深圳','null','1'),(502,'天天盈球','有笔试','深圳','null','1'),(503,'深圳市优学天下教育发展股份有限公司（原诺亚舟）','12页笔试，查学历','深圳','null','1'),(504,'平安证券','有机试，外包，派遣','深圳','null','1'),(505,'同城快跑','没去','深圳','null','1'),(506,'深圳市众行网科技有限公司','MongoDB是什么，能不能进行关联查询？\npagehelper分页时，有条件查询不能分页怎么处理？\npoi下载生成excel时，可以改变表格的格式么？\nlinux系统常用命令，新建一个端口的命令是什么，把一个服务器里的文件复制到另一个服务器的命令是什么？\n你使用mysql的版本是什么？mysql4.6 版本和4.7版本有什么区别？如何批量存数据，怎么操作的？怎么优化数据库？\nredis是什么？\nshiro的原理，shiro标签是什么？','深圳','null','1'),(507,'深圳小猫信息有限公司','搭ssm框架','深圳','null','1'),(508,'雁联计算系统有限公司','没去','深圳','null','1'),(509,'深圳华农迅达信息股份有限公司','没去','深圳','null','1'),(510,'深圳科技有限公司','','深圳','null','1'),(511,'深圳天绘北斗科技有限公司','没去','深圳','null','1'),(512,'资本在线金融信息','有笔试，springmvc操作流程，多表联动，sql优化，多表关联查询，前端传值传参如何实现。\n公司情况：是一家互联网教育平台，主要是做b c端业务，以iOS和安卓等手机app开发业务为主，公司目前有固定的项目小组，前端后台都有，进公司后给两三天的适应期，熟悉一下项目。然后会给到一些小的模块儿做一下小的功能去实现一下。进入公司加班时间比较长，每天晚上都会有加班，加班到十点。周末是大小周的，单双休','深圳','null','1'),(513,'深圳市众诚品业科技有限公司','springmvc工作流程，jvm,jdk,jer有什么区别，throw和throws的区别，让写个冒泡排序。还要介绍项目。','深圳','null','1'),(514,'顺恒利集团','招高级，没去','深圳','null','1'),(515,'沃通','招高级，没去','深圳','null','1'),(516,'联合利丰供应链管理有限公司','ssm框架的搭建流程 前端框架有哪些','深圳','null','1'),(517,'商智神州（北京）股份有限公司（恒生）','没去','深圳','null','1'),(518,'智付科技集团有限公司','无笔试\n公司不大 需要能上手的\n大概三年经验 需要对框架理解较深\nspringmvc工作流程\nmybatis和hibernate区别\nstruts和springmvc区别\n怎么理解spring\n用到了spring内哪些东西 这些东西怎么配置\nspringmvc有哪些注解\n分布式\nspring注入方式','深圳','null','1'),(519,'深圳市卓宝科技股份有限公司','没去','深圳','null','1'),(520,'深圳华龙迅达信息技术股份有限公司','身体不适，没去','深圳','null','1'),(521,'深圳市小亿网络有限公司','搞前端，没去','深圳','null','1'),(522,'深圳市广通软件有限公司','笔试，手写代码，js获取复选框内容，遍历数组并判断内容，手写sql语句，查询所有成绩高于80分的同学的名字及学号，有面试，问项目，问SSM框架搭建，问jdk使用的类','深圳','null','1'),(523,'深圳羽实箫恩','学历硬性要求，没去','深圳','null','1'),(524,'深圳优启科技有限公司','公司新成立没多久，没几个人。 有面试，问学历坦白了','深圳','null','1'),(525,'西数','对数据分析有要求，要求培训','深圳','null','1'),(526,'威锋网','有笔试，问项目，手写单列模式','深圳','null','1'),(527,'众行网络','技术面试就主要针对于之前的项目提一些简单的问题，问到有没有用过其他数据库。大概会了解最近的两个项目，他会针对于你做的时间最长的那个项目做一个简单的问答。','深圳','null','1'),(528,'仁和兴业投资有限公司','先笔试，在技术面试','深圳','null','1'),(529,'雷洋智能科技股份有限公司','没去','深圳','null','1'),(530,'两步路','先笔试，把笔试题带回寝室了。','深圳','null','1'),(531,'闻迅数码科技有限公司','先笔试，后面试。','深圳','null','1'),(532,'鑫源科技科技有限公司','要求至少学历，没去。','深圳','null','1'),(533,'闻迅数码科技有限公司','主要是做航行地图的，公司用的是SSM框架，不涉及高并发之类的，先做笔试，然后问了很多关于spring springmvc 相关的问题 还问一些关于你生活的问题。','深圳','null','1'),(534,'深圳市美讯在线网络技术有限公司','笔试','深圳','null','1'),(535,'金蝶','没去','深圳','null','1'),(536,'两步路信息技术有限公司','有笔试，公司是做自主研发，对数据要求比较高','深圳','null','1'),(537,'北京筑龙','有笔试，要求数据库熟练','深圳','null','1'),(538,'深圳维拉度假','有笔试，公司做安全方面的，偏前端，面试问底层原理及个人理解','深圳','null','1'),(539,'深圳市众诚品业科技有限公司','没笔试，公司没项目，全部外包到银行，查学历，问jvm,jdk,jre,throw,throws的理解','深圳','null','1'),(540,'深圳真地智能科技有限公司','工厂内，sql优化，springmvc工作流程，找高级','深圳','null','1'),(541,'神州数码','题目是88道选择题单选多选都有，Java基础41道，答对13道，前端20道，答对5道，数据库27道，蒙对2道。面试人家就问我有没有了解他们公司。然后就跟我介绍了一下他们公司的业务情况。 基本没有问什么技术问题？了解了一下，之前的工作经验和项目经验。','深圳','null','1'),(542,'南京华苏科技有限公司','卓望项目，直接面试，无笔试。直接问项目，延伸问了一些sql优化和分页，还有spring核心以及servlet生命周期。','深圳','null','1'),(543,'鼎游科技','他们公司用的ssh框架，无笔试，直接面试，问了点登陆，ajax，sql优化。','深圳','null','1'),(544,'乐享工坊','是培训机构 不要去了 和瑞思源是一家公司，现在换了一个名字面试了！不要去了，不要去了，不要去了！！','深圳','null','1'),(545,'深圳市君仁科技发展有限公司','是两个技术部门的员工给面试的，问了一些关于sql，框架的问题。然后还问用过redis，zukepper，等。还问了我的项目，跳着问得，问了第一个又问第三个。他们公司主要做积分兑换系统的，好像是给某个保险公司做的。让我回来等通知，看是否需要进行下一轮面试。','深圳','null','1'),(546,'深圳市赛亿科技开发有限公司 面试信息','时间太紧，没去成。','深圳','null','1'),(547,'爱瑞思软件（深圳）有限公司','做了一个小时的面试题，题目发到群里了。今天技术经理不在，只做了HR人力面试。问得很变态，什么你之前公司在哪里啊~！具体位置啊，你大学的位置啊，在大学里面参与过什么没有啊？然后是给人事讲解了一下我的项目。你为什么会离职等。','深圳','null','1'),(548,'天安中国智慧运营中心','没去','深圳','null','1'),(549,'广州智算信息技术有限公司','另约面试时间','深圳','null','1'),(550,'深圳市赛亿科技开发有限公司','小公司，问的一些基础。','深圳','null','1'),(551,'深圳市长亮科技股份有限公司','招项目经理，没去','深圳','null','1'),(552,'富明','明天报道','深圳','null','1'),(553,'深圳市弘成科技发展有限公司','人事面试完让会去等复试通知','深圳','null','1'),(554,'深圳市麦亚信科技股份有限公司','笔试是性格测试题，面试问到数据库多表查询，索引','深圳','null','1'),(555,'易诚互动','平安的项目外包，对安全部分要求较高，技术相对落后，求稳，oracle数据库要求较高','深圳','null','1'),(556,'华云中盛科技有限公司','事物隔离级别，聊聊你对spring的理解，缓存技术，activeMQ,hibernate二级缓存，sql获取主键，sql不用min获取最小值','深圳','null','1'),(557,'深圳四方精创资讯股份有限公司','没有笔试，根据简历上的一些项目经验提问，我有被问到spring使用什么注解，struts2的工作流程，有没有用过hashmap，都用了哪些集合？编程过程中都遇到哪些异常，mybatis和hibenater的区别，问有没有用过Resin服务器和JBoss服务器，问了ioc和aop，重载和重写的区别，问了第一个项目怎么实现仓库库存不够提示补货？还有一些记不全了。\n技术外问题，期望薪资多少，如果有复试会不会过来复试？','深圳','null','1'),(558,'深圳市实信达科技开发有限公司','法院档案处理，档案管理，有想法做新的技术上的延伸，所以现在是在扩招团队。\n面试情况：有笔试，主要针对项目问一些问题，基础性的。问道项目过程中有没有遇到一些难题难点，怎么解决的，项目过程中都遇到了哪些技术哪些框架。\n面试反馈：说我的技术很单一，技术的熟练度什么各方面情况也不是很高。薪资可能达不到我的预期，然后人家就说让我等个十几分钟去找领导。找完领导回来就说让我回家等通知。预计直接pass了。','深圳','null','1'),(559,'深圳市铛铛出行科技有限公司','没有笔试，面试还没开始就结束了，只是中途问了一些shiro权限的问题，问能不能自己写一个权限接口。','深圳','null','1'),(560,'深圳市集时通讯股份有限公司','公司主要是做通讯系统的，面试题十题有七题是考多线程，面试也主要问多线程，线程池，线程间如何共享数据，消息队列','深圳','null','1'),(561,'深圳市方软信息产业有限公司','没去','深圳','null','1'),(562,'深圳市华龙迅达信息技术股份有限公司','大公司，有笔试，HR面试，公司有培养意向','深圳','null','1'),(563,'深圳市深冠科精密设备有限公司','有笔试，人事面试，等通知','深圳','null','1'),(564,'深圳市飞耶软件有限公司','公司规模小，ssh框架','深圳','null','1'),(565,'深圳市顺恒利工程集团','明天上岗','深圳','null','1'),(566,'深圳市贝克希尔智能科技有限公司','没去','深圳','null','1'),(567,'弘成科技发展有限公司','培训机构，大家不要去了。','深圳','null','1'),(568,'森特尔洗护管理有限公司','招高级','深圳','null','1'),(569,'深圳市长亮网金科技有限公司','是两个技术部门的员工给面试的，问了一些关于sql，框架的问题。然后还问用过redis，zukepper，等。还问了我的项目，跳着问得，问了第一个又问第三个。他们公司主要做积分兑换系统的，好像是给某个保险公司做的。让我回来等通知，看是否需要进行下一轮面试。','深圳','null','1'),(570,'雁联计算系统有限公司','时间太紧，没去成。','深圳','null','1'),(571,'深圳广田集团股份有限公司','做了一个小时的面试题，题目发到群里了。今天技术经理不在，只做了HR人力面试。问得很变态，什么你之前公司在哪里啊~！具体位置啊，你大学的位置啊，在大学里面参与过什么没有啊？然后是给人事讲解了一下我的项目。你为什么会离职等。','深圳','null','1'),(572,'元道通信','50道面试题','深圳','null','1'),(573,'深圳市策维科技有限公司','微服务，vue.js，数据库要求很高','深圳','null','1'),(574,'深圳市海恒智能技术有限公司','聊项目，聊发展，聊加班','深圳','null','1'),(575,'深圳微品致远信息科技有限公司','有笔试，招的是Java高级，被诈哪家培训机构出来的，都没问什么问题。','深圳','null','1'),(576,'深圳市策维科技有限公司','没有笔试，问一些基础问题，和新的技术问题，然后跟我分享了一下他自己的学习路程。\n面试反馈：面试不通过，面试官让我多多了解一下数据库，百度学习一下，翻翻书把一些基础的东西研究透彻。','深圳','null','1'),(577,'深圳市元道通信技术有限公司','没去','深圳','null','1'),(578,'深圳市科陆电子股份有限公司','面试题较难','深圳','null','1'),(579,'深圳市华思软件有限公司','','深圳','null','1'),(580,'深圳市君仁科技发展有限公司','直接面试，人事和技术一起来，问得非常细，细到代码怎么写让说出来，string和stringbuff的区别，方法的重载和重写，map集合怎么存值。公司不大，大约二十三十人，需要能上手的。过段时间可能会招培养的。','深圳','null','1'),(581,'深圳市华思科技有限公司','先做笔试，有单选有多选手写SQL排序和单列，然后面试','深圳','null','1'),(582,'轩宇车鼎','笔试，面试问到项目数据库多少张表，这家公司就在我们公寓后面','深圳','null','1'),(583,'宏大创新科技有限公司','没笔试，问了项目中用到的技术','深圳','null','1'),(584,'按揭帮','有笔试 规定30分钟时间完成，直接复试，结果GG','深圳','null','1'),(585,'嘿嘿云','无笔试 直接面试 自我介绍加项目讲解 问很多Java基础问题 公司应该是个创业公司 就看见6个人','深圳','null','1'),(586,'深圳市小猫信息技术有限公司','无笔试，技术负责人直接面试，问项目，问海量数据存储，问sql语句建表，联合查询，防SQL注入，之后人事面试','深圳','null','1'),(587,'深圳市同城快跑科技有限公司','有笔试，有一定难度，有题目，有机试，不难，有题目','深圳','null','1'),(588,'拇指游玩','不建议去，进门，学信网输账号密码，查学历','深圳','null','1'),(589,'深圳市创恒特科技有限公司','没问什么专业性的问题，谈了一下，他们现在目前用的什么软件，然后用的是什么平台。以及后面在工作当中所要做的是哪些工作。谈了一下，他们公司后期的发展愿景。以及他对他们公司后续平台发展的一个想法。','深圳','null','1'),(590,'深圳市嘟嘟牛科技有限公司','有笔试，做了一会儿笔试，很多题目不会，就走了。','深圳','null','1'),(591,'小小金融集团','没有笔试，针对项目问了几个问题。','深圳','null','1'),(592,'爱瑞斯','复试，根据简历问了一下关于poi和echarts的问题','深圳','null','1'),(593,'深圳市鸿新大真网络技术有限公司','笔试30题，全简答题，问项目，问数据库','深圳','null','1'),(594,'优讯信息技术有限公司','有笔试，问项目，问框架，问前端，问数据库','深圳','null','1'),(595,'厚德世家','公司以前没用框架 现在要用框架写项目 招几个懂框架的','深圳','null','1'),(596,'紫旭科技','有笔试 没怎么看 直接初试 还有复试','深圳','null','1'),(597,'深圳市优讯信息','先笔试，在技术面试，什么都问，包括前端框架，后台框架，数据库','深圳','null','1'),(598,'深圳市华典智慧有限公司','去了跟我说人已经招满了','深圳','null','1'),(599,'深圳市策维科技有限公司','在门口和学长碰到了','深圳','null','1'),(600,'谷通科技','没有笔试，直接面试，是深圳这边的分公司，现在急缺一个会做会员卡模块的人，问了一下项目，我觉得我自己答得还不错。','深圳','null','1'),(601,'深圳市飞耶软件有限公司','有笔试，问项目，问细节，项目要搞透','深圳','null','1'),(602,'深圳紫旭科技有限公司','有笔试，问的都不会。','深圳','null','1'),(603,'深圳京柏医疗科技股份有限公司','有笔试和面试，问到数据库，复试等消息','深圳','null','1'),(604,'汇思软件','有笔试，针对项目问一些问题，对于高并发这一块比较看中','深圳','null','1'),(605,'秦风科技','没有笔试，主要问一些基础问题，问得比较细。','深圳','null','1'),(606,'瑞林科技','创业公司，包括老总一起5个人，技术面试是老总随便抓个新招的人来面试，然后和负责人谈下人事，工资只给6K,从事区块链开发','深圳','null','1'),(607,'中兴合众','招一人，维护旗下酒店平台及升级，就一个人，不建议去','深圳','null','1'),(608,'迈集科技','笔试加面试，jsp和servlet,第三方接口开发，规模很小','深圳','null','1'),(609,'道乐科技','笔试，六道手写算法相关的代码题，智力题，面向对象思想','深圳','null','1'),(610,'知领互联','培训机构','深圳','null','1'),(611,'博实结','新成立部门，五个员工，有笔试，嵌入式开发','深圳','null','1'),(612,'顺丰速运有限公司','不会技术的人面试，常用框架','深圳','null','1'),(613,'知领互联','培训机构','深圳','null','1'),(614,'康拓普信息技术有限公司','问框架，问前端，有笔试','深圳','null','1'),(615,'有迅达科技股份有限公司','两人面试，问大学课程，问框架，问项目技术','深圳','null','1'),(616,'创纪资源有限公司','英文项目文档，自己搭环境，搭项目，搭建服务器，工资低，不建议去','深圳','null','1'),(617,'云房网络','直接项目经理面试，没问项目，问SSM框架，全文检索，AOP,IOC用法，redis','深圳','null','1'),(618,'菠菜科技有限公司','面试地址在住宅小区内，打电话不肯透露具体在哪一栋那一层，疑似传销，不建议去','深圳','null','1'),(619,'康拓普信息技术有限公司','数据库设计，事务配置，应用场景，集合，排序','深圳','null','1'),(620,'开科唯识技术有限公司','笔试有逻辑测试和手写代码，初试没过','深圳','null','1'),(621,'深圳市长亮科技股份有限公司','查学历','深圳','null','1'),(622,'中科软科技股份有限公司','有笔试，问项目','深圳','null','1'),(623,'人人软件','达内，培训机构','深圳','null','1'),(624,'中软（外包到平安）','有笔试，问项目，问技术，必查学历，不建议去','深圳','null','1'),(625,'奥拓电子','要按时到达，OA,ERP,内部系统二次开发，团队目前只有8人，问项目','深圳','null','1'),(626,'首控微金资本管理有限公司','没笔试，直接面试，问项目','深圳','null','1'),(627,'尚游网络科技','问算法，问思想，问堆栈','深圳','null','1'),(628,'深圳市长亮科技股份有限公司','直接查学历','深圳','null','1'),(629,'深圳市北电仪表有限公司','有笔试，数学，物理，面试问集合，框架，存储过程','深圳','null','1'),(630,'金钱盾','没问什么技术 技术面试官不在 简单谈了下他们公司','深圳','null','1'),(631,'花儿绽放','笔试没过 都是线程和线程池方面的','深圳','null','1'),(632,'马丁高新科技','说java招满了 招一个技术支持 就是跟客户沟通 解决客户的问题','深圳','null','1'),(633,'深圳网蓝通用科技有限公司','只招Java高级，问double，问分布式框架','深圳','null','1'),(634,'深圳前海汇联基金销售有限公司','有笔试，面试问项目，spring的注解方式','深圳','null','1'),(635,'深圳市飞耶软件有限公司','有笔试，面试问项目，问ajax和事务','深圳','null','1'),(636,'马丁高新科技','复试，问和客户沟通的经验','深圳','null','1'),(637,'妍丽化妆品中国有限公司','直接查学历，不建议去','深圳','null','1'),(638,'汇智动力信息技术有限公司','培训机构','深圳','null','1'),(639,'浩诚（合众）','培训机构','深圳','null','1'),(640,'瑞驰信息技术有限公司','大数据，云计算，问算法','深圳','null','1'),(641,'弘历集团','股票证券，有笔试，情商体，问规划，有复试','深圳','null','1'),(642,'伯恩光学','没笔试，直接面试，问erp项目','深圳','null','1'),(643,'开思时代','聊人生，汽车检测与维修，ERP方向','深圳','null','1'),(644,'绿联科技','谈理想，没问技术，有笔试，画树，房子，人','深圳','null','1'),(645,'今天国际','有笔试，要求会.net和SQLsever','深圳','null','1'),(646,'坐标软件','有笔试，网络相关，手写SQL，沟通场景模拟分析，面试问如何处理和客户的关系，如何应付故意刁难的客户','深圳','null','1'),(647,'深圳大学城管理办公室','问辞职原因，问转运维原因','深圳','null','1'),(648,'北京联招教育文化有限公司（中关新才项目组）','查学历','深圳','null','1'),(649,'天方达健信科技','没找到地址','深圳','null','1'),(650,'云房科技','无笔试，直接面试，问未来走向，谈思想，没问技术','深圳','null','1'),(651,'坐标软件','有笔试，人事面试，等技术复试','深圳','null','1'),(652,'金蝶国际软件集团有限公司','群面 未过','深圳','null','1'),(653,'跨越速运集团','没笔试 直接面试 结果说三个工作日给答复','深圳','null','1'),(654,'文达通电子商务有限公式','去了地方叫合众艾特，查了下是培训机构','深圳','null','1'),(655,'采集科技','跟我说只招一个高级JAVA','深圳','null','1'),(656,'奇宏电子有限责任公司','先电话后面试  有笔试手写SQL 谈实施内容','深圳','null','1'),(657,'TCL国际e城','要先做开发 会英语  看英语文件','深圳','null','1'),(658,'深圳达普信科技','要毕业编号  查学历','深圳','null','1'),(659,'深圳市中海通物流股份有限公司','没有笔试，讲项目亮点、辞职原因','深圳','null','1'),(660,'万艺信息科技(深圳)有限公司','直接问技术：AOP运用场景、springboot、Linux常用命令、Redis缓存','深圳','null','1'),(661,'深圳前海爱感谢文化股份有限公司','公司老总直接面试，会根据自我介绍情况问后续问题，对于当前使用框架的概念问得比较多','深圳','null','1'),(662,'加拿大百胜扬工业电子商务平台发展有限公司','先做人事测试题（包括人员基本情况，比较看重职业规划和对公司愿景的理解），面试问项目情况、使用技术、遇到难题及措施，公司开发自己的框架，招聘要求比较高','深圳','null','1'),(663,'万艺信息科技有限公司','没有笔试直接面试，有以下面试题：1.springmvc的运行流程 2.手写json的数组 3.ssm框架目录','深圳','null','1'),(664,'深圳市众可智能管理有限公司','没有笔试直接面试，有以下面试题：1.数据库的行锁怎样写 2.比较三个变量的大小，输出最大值 3.数据库怎样备份 4.公司服务器有多少','深圳','null','1'),(665,'深圳维曼计算机公司','没有笔试，问的maven是什么，SVN是什么，maven有没有继承。SQL优化，aop的具体实现。','深圳','null','1'),(666,'深圳华天地信息服务有限公司','有面试题，问项目然后当面手写SQL，手写代码：数据库的信息到前端有foreach循环写出来显示。','深圳','null','1'),(667,'中海通物流','只问你项目中的亮点，单独完成人模块','深圳','null','1'),(668,'深圳华天地信息服务有限公司','有面试题，问项目然后当面手写SQL，手写代码：数据库的信息到前端有foreach循环写出来显示。','深圳','null','1'),(669,'深圳市鸿湾软件科技有限公司','小公司 笔试加面试  问的数据库方面较多   面试职位不高','深圳','null','1'),(670,'深圳天之腾科技有限公司','网上查了下像是培训机构  没去','深圳','null','1'),(671,'深圳市尚诚信息技术有限公司','springMvc工作流程，ssm+ssh框架，sql优化，前台框架，redies','深圳','null','1'),(672,'深圳万艺信息科技有限公司','springMvc工作流程，Linux常用命令，redies','深圳','null','1'),(673,'深圳极维度科技有限公司','笔试 ，SSm,mybatis注解，多线程，数据优化，前端','深圳','null','1'),(674,'深圳市伟峰科技有限公司','Sql优化，项目问得比较近，json和SpringMvc的流程','深圳','null','1'),(675,'深圳人人科技','达内培训机构','深圳','null','1'),(676,'一叶知秋有限公司','自我介绍，问了以前公司相关事项。问了第一个项目，问得比较简单。','深圳','null','1'),(677,'深圳掌视通科技','看项目，聊待遇，项目比较简单。','深圳','null','1'),(678,'燚晖科技合伙企业','有笔试，人事问的都是套路题，技术有要求，区块链技术','深圳','null','1'),(679,'云高信息技术有限公司','笔试题，公司广泛招各方面技术人员，业务均围绕“云高高尔夫”app，笔试题后由公司内对应员工进行技术面试，问较基础的技术题','深圳','null','1'),(680,'金合联供应链技术有限公司','填登记表（涉及个人及家庭信息），直接技术面试，问项目（负责模块、难点、亮点），问基础java试题，公司做开发非主要业务','深圳','null','1'),(681,'前海金网互联科技有限公司','笔试，反射，除简历之外是否学了其他技术','深圳','null','1'),(682,'无极云区块链','住的具体地址，前公司地址，辞职原因','深圳','null','1'),(683,'深圳宇翊有限公司','没有笔试，面试问了mybatis的标签，以及项目流程','深圳','null','1'),(684,'深圳力鼎管理顾问有限公司','没有笔试，面试问了mybatis的标签，以及项目流程，还有人事问的上个公司的薪资构成、公司人数','深圳','null','1'),(685,'深圳人人科技有限公司','是一家培训机构','深圳','null','1'),(686,'博安达科技','一个不懂技术人主管面试。非常在意流程，和沟通能力','深圳','null','1'),(687,'达实智能','问项目的技术亮点，spring,9大内置对象','深圳','null','1'),(688,'牧云联科技有限公司','招人去马鞍山','深圳','null','1'),(689,'','主问具体经验和公司情况','深圳','null','1'),(690,'卫宁中天软件有限公司','面试题较多没过','深圳','null','1'),(691,'卫宁中天软件有限公司','面试题较多没过','深圳','null','1'),(692,'恒康泰医疗科技有限公司','医疗健康类软件开发，没笔试，项目组长面试，ssm框架，讲解项目','深圳','null','1'),(693,'北京朝歌数码科技有限公司','有笔试选择题+输出结果题+设计模式题，笔试没过','深圳','null','1'),(694,'深圳迈克思腾科技有限公司','笔试题（纯逻辑题），笔试题后会问逻辑题怎么用代码来实现，问项目，会比较深入，主动表达自己在逻辑思维上的能力和学习的意愿会让做机试题继续考验','深圳','null','1'),(695,'志鸿软件有限公司','纯英文笔试题（较基础），做银行相关业务，要求对数据库十分熟悉','深圳','null','1'),(696,'永兴元科技股份有限公司','查学历，笔试，问项目经验','深圳','null','1'),(697,'英龙华通科技发展有限公司','问项目经验，MVC，Redis更新数据','深圳','null','1'),(698,'亚信软件','先写面试题，然后自我介绍。讲项目，问项目的从头到尾的流程，svn怎么用，项目中怎么进行测试，项目写完怎么给测试部门，测试部门怎么反馈BUG','深圳','null','1'),(699,'深圳资本在线金融信息服务有限公司','2','深圳','null','1'),(700,'深圳市捷买国际货运代理有限公司','先写笔试，然后技术面试，问项目经验，给司机做导航的','深圳','null','1'),(701,'深圳市深空太白网络科技有限公司','做游戏开发的，要求与技术与java关联不大，需要游戏开发经验','深圳','null','1'),(702,'深圳卓越云尚科技有限公司','先写一套5页面试题，题目中等，笔试后问mybatis的注解，springMVC的参数传递，有哪几种传值方法，问的XML文件配置特别多','深圳','null','1'),(703,'深圳海云天股份有限公司','先做面试题，然后主要问了项目经验，比如项目的开发背景项目的客户来源，技术谈的特别少','深圳','null','1'),(704,'创业软件股份有限公司','先做面试题，然后是人事面试，主要是了解上一公司的信息','深圳','null','1'),(705,'深圳云高信息技术股份有限公司','做面试题，然后是技术面试，问到了线程的活锁，死锁，spring的反射机制','深圳','null','1'),(706,'国通电信','直接问项目中用的技术点，面试官告诉我怎么讲项目','深圳','null','1'),(707,'中宁卫天','面试做了2小时，就是数据库怎么写。','深圳','null','1'),(708,'拓尔思','笔试（技术问题+情商测试）+电脑上IQ测试+面试（问框架，linux简单命令）','深圳','null','1'),(709,'康德环宇','网上说该公司不靠谱 发不出工资','深圳','null','1'),(710,'深圳掌世界','不是java开发是Python开发。问公司给时间培训愿不愿意接受，项目难点，公司情况，自学过什么。','深圳','null','1'),(711,'深圳巨沃科技','人事面试，问公司情况，离职原因，技术面试官不在明天在去面试技术，感觉像是公司已经不招人了','深圳','null','1'),(712,'研信电子','笔试面试都有。直接问技术太难了，难得都不知道他问的什么题了','深圳','null','1'),(713,'超飞科技','直接面试，问redis这么用。Springboot怎么样','深圳','null','1'),(714,'亚信软件','复试，项目介绍。家庭，售后服务怎么办','深圳','null','1'),(715,'深圳图为技术有限公司','笔试题，比较基础，面试简单介绍项目，继续问基础知识，后有人事面试，公司成立时间不长，主做SSM框架系统','深圳','null','1'),(716,'前海电商供应链管理有限公司','笔试，信息并列','深圳','null','1'),(717,'盈和信息科技有限公司','问项目经验，Spring事务管理方式，mybatis,高并发实现，Redis优点','深圳','null','1'),(718,'上海悦商信息深圳分公司','自我介绍，项目流程，反射机制','深圳','null','1'),(719,'拜特科技股份有限公司','先笔试，后面试 ，自我介绍，项目流程，问一些项目里的问题','深圳','null','1'),(720,'深圳真兴健康管理有限公司','直接面试，项目问的问题都是底层的，不会回答','深圳','null','1'),(721,'易立德企业管理咨询有限公司','复试，问的问题都是基本知识','深圳','null','1'),(722,'金蝶集团','查学历，没去','深圳','null','1'),(723,'深圳易思智科技有限公司','笔试题 java基础，前端，数据库  面试问些简单的问题','深圳','null','1'),(724,'鎏信科技有限公司','笔试题重在数据库，面试问项目','深圳','null','1'),(725,'深空太白网络技术','主要做游戏的，要求有游戏开发经验','深圳','null','1'),(726,'鎏信科技有限公司','先做一套笔试题题目量较少，主要考察数据库建表和sql语句，项目问的比较多，技术问的少','深圳','null','1'),(727,'赞成科技有限公司','先做一套比较简单的笔试题，而后问的技术比较底层','深圳','null','1'),(728,'亚信软件','主要问的项目和公司的看法规划','深圳','null','1'),(729,'思迪信息','项目和简单的基础信息','深圳','null','1'),(730,'深圳市金证科技股份有限公司','先笔试，自我介绍，你的实施流程，你主要负责什么？你离职原因，你们公司在哪。','深圳','null','1'),(731,'深圳奥哲网络科技有限公司','先笔试，自我介绍，你的优势？你怎么看待实施这个工作的？你的离职原因？你现在住在那里？你的工作经历，你的项目负责什么？','深圳','null','1'),(732,'深圳市世纪贷金融服务有限公司','sql语句优化，sql分组，缓存的环境。。','深圳','null','1'),(733,'深圳市海容纳科技有限公司','问题项目上线问题，网络编程问题，还有一家招资深的','深圳','null','1'),(734,'佰钧成','问很多基础，string的常用操作，js中的字符串操作，数据类型转化，存储过程等','深圳','null','1'),(735,'海容纳科技有限公司','ssm,项目','深圳','null','1'),(736,'巨沃科技有限公司','项目，问的挺细的','深圳','null','1'),(737,'亚信软件','主要问的项目和公司的看法规划','深圳','null','1'),(738,'恒泰金融','springboot,redis,项目，要立即上手的','深圳','null','1'),(739,'首金誉互联网金融服务有限公司','主要问项目，调接口是如何加密','深圳','null','1'),(740,'德信软件','问的比较基础，地理位置偏','深圳','null','1'),(741,'艾瑞斯科技有限公司','与sql优化相关','深圳','null','1'),(742,'广州云星信息技术有限公司 ','一台机器无法联网，你会怎么办？pc连不上网 你会怎么办一台打印机无法打印东西 是什么原因？CRM进不去？FTP服务器无法访问','深圳','null','1'),(743,'博商学院','你能不能手动搭框架，你的项目流程，你的业务','深圳','null','1'),(744,'深圳市精准分众','sql语句优化和一些上线问题','深圳','null','1'),(745,'博商学院','sql链接查询，sql优化，查询性能','深圳','null','1'),(746,'平安产检','springboot,springcode,高并发','深圳','null','1'),(747,'亚信软件','复试','深圳','null','1'),(748,'龙创软件','结合你的项目问框架中的一些实现小细节','深圳','null','1'),(749,'思特奇信息技术','笔试题很多很难，面试环节很多，技术面试问比较简单','深圳','null','1'),(750,'盈和信息科技','问基础，问框架，问数据库优化','深圳','null','1'),(751,'几米科技有限公司','笔试考基础，问框架，问编写数据库','深圳','null','1'),(752,'腾邦莫林差旅管理有限公司','笔试靠技术，面试问项目，谈待遇','深圳','null','1'),(753,'爱牙邦医疗器械有限公司','有笔试，主要问项目经验，问的很深，由项目上面的技术来延伸问题','深圳','null','1'),(754,'灵沃软件开发有限公司','问项目 ，问的不深，会分布式加分，做互联网金融的','深圳','null','1'),(755,'深圳中图信息科技有限公司','问项目，数据库问的较多，后台框架','深圳','null','1'),(756,'怡源通科技有限公司','问项目经验，问项目所用框架比较多','深圳','null','1'),(757,'卫宁科技有限公司','介绍项目问easyui，springmvc工作原理，mybatis，数据库','深圳','null','1');

/*Table structure for table `user` */

DROP TABLE IF EXISTS `user`;

CREATE TABLE `user` (
  `id` int(11) NOT NULL AUTO_INCREMENT,
  `userID` varchar(45) NOT NULL,
  `username` varchar(45) NOT NULL,
  `password` varchar(45) NOT NULL,
  `email` varchar(45) DEFAULT NULL,
  `tel` varchar(45) DEFAULT NULL,
  `userlevel` int(11) DEFAULT '1',
  `picture` varchar(45) DEFAULT NULL,
  `idarea` int(11) DEFAULT NULL,
  `idgrade` int(11) NOT NULL,
  PRIMARY KEY (`id`)
) ENGINE=InnoDB AUTO_INCREMENT=6 DEFAULT CHARSET=utf8;

/*Data for the table `user` */

insert  into `user`(`id`,`userID`,`username`,`password`,`email`,`tel`,`userlevel`,`picture`,`idarea`,`idgrade`) values (1,'5100','张老师','123456',NULL,NULL,0,NULL,NULL,1),(2,'5200','李老师','456789',NULL,NULL,0,NULL,NULL,2),(3,'5300','文雯','012345',NULL,NULL,0,NULL,NULL,3),(5,'ywz','杨文章','2222',NULL,NULL,NULL,NULL,NULL,2);

/*Table structure for table `usertocompany` */

DROP TABLE IF EXISTS `usertocompany`;

CREATE TABLE `usertocompany` (
  `id` int(11) NOT NULL AUTO_INCREMENT,
  `iduser` int(11) DEFAULT NULL,
  `idcompany` int(11) DEFAULT NULL,
  PRIMARY KEY (`id`)
) ENGINE=InnoDB DEFAULT CHARSET=utf8;

/*Data for the table `usertocompany` */

/*Table structure for table `usertoindex` */

DROP TABLE IF EXISTS `usertoindex`;

CREATE TABLE `usertoindex` (
  `id` int(11) NOT NULL AUTO_INCREMENT,
  `iduser` int(11) DEFAULT NULL,
  `idindexes` int(11) DEFAULT NULL,
  PRIMARY KEY (`id`)
) ENGINE=InnoDB DEFAULT CHARSET=utf8;

/*Data for the table `usertoindex` */

/*Table structure for table `background` */

DROP TABLE IF EXISTS `background`;

/*!50001 DROP VIEW IF EXISTS `background` */;
/*!50001 DROP TABLE IF EXISTS `background` */;

/*!50001 CREATE TABLE  `background`(
 `id` int(11) ,
 `indexinfo` varchar(45) ,
 `taglevel` int(11) ,
 `indexclass` int(11) ,
 `parent` int(11) 
)*/;

/*Table structure for table `skill` */

DROP TABLE IF EXISTS `skill`;

/*!50001 DROP VIEW IF EXISTS `skill` */;
/*!50001 DROP TABLE IF EXISTS `skill` */;

/*!50001 CREATE TABLE  `skill`(
 `id` int(11) ,
 `indexinfo` varchar(45) ,
 `taglevel` int(11) ,
 `indexclass` int(11) ,
 `parent` int(11) 
)*/;

/*View structure for view background */

/*!50001 DROP TABLE IF EXISTS `background` */;
/*!50001 DROP VIEW IF EXISTS `background` */;

/*!50001 CREATE ALGORITHM=UNDEFINED DEFINER=`root`@`localhost` SQL SECURITY DEFINER VIEW `background` AS select `indexes`.`id` AS `id`,`indexes`.`indexinfo` AS `indexinfo`,`indexes`.`taglevel` AS `taglevel`,`indexes`.`indexclass` AS `indexclass`,`indexes`.`parent` AS `parent` from `indexes` where `indexes`.`parent` in (select `indexes`.`id` from `indexes` where (`indexes`.`parent` = 2)) */;

/*View structure for view skill */

/*!50001 DROP TABLE IF EXISTS `skill` */;
/*!50001 DROP VIEW IF EXISTS `skill` */;

/*!50001 CREATE ALGORITHM=UNDEFINED DEFINER=`root`@`localhost` SQL SECURITY DEFINER VIEW `skill` AS select `indexes`.`id` AS `id`,`indexes`.`indexinfo` AS `indexinfo`,`indexes`.`taglevel` AS `taglevel`,`indexes`.`indexclass` AS `indexclass`,`indexes`.`parent` AS `parent` from `indexes` where `indexes`.`parent` in (select `indexes`.`id` from `indexes` where (`indexes`.`parent` = 1)) union select `indexes`.`id` AS `id`,`indexes`.`indexinfo` AS `indexinfo`,`indexes`.`taglevel` AS `taglevel`,`indexes`.`indexclass` AS `indexclass`,`indexes`.`parent` AS `parent` from `indexes` where (`indexes`.`parent` = 1) */;

/*!40101 SET SQL_MODE=@OLD_SQL_MODE */;
/*!40014 SET FOREIGN_KEY_CHECKS=@OLD_FOREIGN_KEY_CHECKS */;
/*!40014 SET UNIQUE_CHECKS=@OLD_UNIQUE_CHECKS */;
/*!40111 SET SQL_NOTES=@OLD_SQL_NOTES */;
